ENG	10E	Clone		1	0	bulk
ENG	DKA	Chant of the Skifsang		2	0	bulk
ENG	BNG	Crypsis		2	0	bulk
ENG	BNG	Archetype of Imagination		2	0	bulk
ENG	IKO	Cavern Whisperer	Showcase	4	0	bulk
ENG	IKO	Cloudpiercer	Showcase	2	0	bulk
ENG	IKO	Dreamtail Heron	Showcase	4	0	bulk
ENG	IKO	Vulpikeet	Showcase	2	0	bulk
ENG	RNA	Azorius Guildgate	1	6	0	bulk
ENG	RNA	Gruul Guildgate	1	4	0	bulk
ENG	C18	Orzhov Guildgate		5	0	bulk
ENG	IKO	Wind-Scarred Crag		1	0	bulk
ENG	RNA	Gateway Plaza		4	0	bulk
ENG	RNA	Gruul Guildgate	1	4	0	bulk
ENG	RNA	Azorius Guildgate	1	2	0	bulk
ENG	RNA	Simic Guildgate	1	4	0	bulk
ENG	KTK	Abomination of Gudul		5	0	bulk
ENG	ELD	Wandermare		1	0	bulk
ENG	GTC	Purge the Profane		4	0	bulk
ENG	RNA	Get the Point		8	0	bulk
ENG	RNA	Grasping Thrull		8	0	bulk
ENG	RNA	Final Payment		7	0	bulk
ENG	RNA	Footlight Fiend		7	0	bulk
ENG	RNA	Frenzied Arynx		8	0	bulk
ENG	RNA	Aeromunculus		5	0	bulk
ENG	HOU	Farm|Market		4	0	bulk
ENG	RNA	Lawmage's Binding		8	0	bulk
ENG	IKO	Back for More		2	0	bulk
ENG	HOU	River Hoopoe		4	0	bulk
ENG	RNA	Imperious Oligarch		7	0	bulk
ENG	HOU	Resolute Survivors		2	0	bulk
ENG	RNA	Applied Biomancy		4	0	bulk
ENG	RNA	Azorius Knight-Arbiter		9	0	bulk
ENG	ELD	Enchanted Carriage		2	0	bulk
ENG	GNT	Manalith		4	0	bulk
ENG	HOU	Graven Abomination		4	0	bulk
ENG	XLN	Cobbled Wings		5	0	bulk
ENG	IKO	Adaptive Shimmerer		1	0	bulk
ENG	XLN	Gilded Sentinel		8	0	bulk
ENG	ICE	Wall of Shields		1	0	bulk
ENG	ICE	Soldevi Simulacrum		1	0	bulk
ENG	WAR	Saheeli's Silverwing		1	0	bulk
ENG	WAR	Guild Globe		1	0	bulk
ENG	KHM	Goldvein Pick		1	0	bulk
ENG	RNA	Gruul Locket		9	0	bulk
ENG	C19	Azorius Locket		4	0	bulk
ENG	KHM	Warhorn Blast		1	0	bulk
ENG	HOU	Mummy Paramount		8	0	bulk
ENG	RNA	Expose to Daylight		8	0	bulk
ENG	RNA	Arrester's Zeal		8	0	bulk
ENG	HOU	Oketra's Avenger		8	0	bulk
ENG	RNA	Concordia Pegasus		8	0	bulk
ENG	M20	Haazda Officer		8	0	bulk
ENG	CN2	Wild Griffin		1	0	bulk
ENG	SOI	Thraben Inspector		1	0	bulk
ENG	THS	Phalanx Leader		1	0	bulk
ENG	ELD	Outflank		4	0	bulk
ENG	ELD	Faerie Guidemother|Gift of the Fae		3	0	bulk
ENG	DOM	Call the Cavalry		5	0	bulk
ENG	ELD	Bartered Cow		2	0	bulk
ENG	ELD	Archon of Absolution		2	0	bulk
ENG	ELD	Ardenvale Paladin		4	0	bulk
ENG	ELD	Ardenvale Tactician|Dizzying Swoop		3	0	bulk
ENG	XLN	Raptor Companion		5	0	bulk
ENG	XLN	Legion Conquistador		4	0	bulk
ENG	HOU	Gideon's Defeat		4	0	bulk
ENG	HOU	God-Pharaoh's Faithful		4	0	bulk
ENG	RNA	Civic Stalwart		4	0	bulk
ENG	THS	Ray of Dissolution		6	0	bulk
ENG	RNA	Justiciar's Portal		4	0	bulk
ENG	DOM	Excavation Elephant		5	0	bulk
ENG	IKO	Imposing Vantasaur		1	0	bulk
ENG	IKO	Blade Banish		4	0	bulk
ENG	ELD	Youthful Knight		5	0	bulk
ENG	DOM	Gideon's Reproach		7	0	bulk
ENG	WAR	Pouncing Lynx		1	0	bulk
ENG	WAR	Martyr for the Cause		1	0	bulk
ENG	WAR	Gideon's Sacrifice		1	0	bulk
ENG	JMP	Divine Arrow		1	0	bulk
ENG	WAR	Charmed Stray		2	0	bulk
ENG	CN2	Noble Banneret		1	0	bulk
ENG	XLN	Bishop's Soldier		1	0	bulk
ENG	KHM	Axgard Braggart		1	0	bulk
ENG	KHM	Valor of the Worthy		1	0	bulk
ENG	KHM	Story Seeker		1	0	bulk
ENG	DOM	Daring Archaeologist		1	0	bulk
ENG	HOU	Solitary Camel		4	0	bulk
ENG	HOU	Steward of Solidarity		4	0	bulk
ENG	HOU	Steadfast Sentinel		4	0	bulk
ENG	HOU	Saving Grace		4	0	bulk
ENG	HOU	Sandblast		4	0	bulk
ENG	RNA	Knight of Sorrows		3	0	bulk
ENG	RNA	Impassioned Orator		2	0	bulk
ENG	XLN	Demystify		1	0	bulk
ENG	BBD	Sparring Mummy		8	0	bulk
ENG	RNA	Bring to Trial		4	0	bulk
ENG	USG	Rune of Protection: Blue		1	0	bulk
ENG	MMQ	Ramosian Sergeant		1	0	bulk
ENG	TMP	Soltari Trooper		1	0	bulk
ENG	RIX	Cleansing Ray		4	0	bulk
ENG	KHM	Demonic Gifts		1	0	bulk
ENG	KHM	Skull Raid		1	0	bulk
ENG	KHM	Draugr Recruiter		1	0	bulk
ENG	HOU	Moaning Wall		12	0	bulk
ENG	2XM	Dire Fleet Hoarder		8	0	bulk
ENG	XLN	Deadeye Tormentor		8	0	bulk
ENG	XLN	Contract Killing		5	0	bulk
ENG	XLN	Costly Plunder		8	0	bulk
ENG	RNA	Grotesque Demise		8	0	bulk
ENG	OGW	Untamed Hunger		1	0	bulk
ENG	ELD	Reaper of Night|Harvest Fear		3	0	bulk
ENG	ELD	Reave Soul		1	0	bulk
ENG	M15	Nightmare		1	0	bulk
ENG	WAR	Davriel's Shadowfugue		1	0	bulk
ENG	ELD	Eye Collector		2	0	bulk
ENG	ELD	Epic Downfall		1	0	bulk
ENG	JMP	Child of Night		4	0	bulk
ENG	GRN	Barrier of Bones		1	0	bulk
ENG	ELD	Barrow Witches		1	0	bulk
ENG	XLN	Queen's Bay Soldier		4	0	bulk
ENG	HOU	Marauding Boneslasher		4	0	bulk
ENG	HOU	Khenra Eternal		4	0	bulk
ENG	HOU	Lethal Sting		4	0	bulk
ENG	HOU	Lurching Rotbeast		4	0	bulk
ENG	HOU	Grisly Survivor		4	0	bulk
ENG	RNA	Debtors' Transport		7	0	bulk
ENG	RNA	Consign to the Pit		4	0	bulk
ENG	2XM	Divest		4	0	bulk
ENG	THS	Returned Phalanx		4	0	bulk
ENG	DOM	Feral Abomination		4	0	bulk
ENG	IKO	Lurking Deadeye		2	0	bulk
ENG	IKO	Bushmeat Poacher		1	0	bulk
ENG	IKO	Durable Coilbug		1	0	bulk
ENG	IKO	Duskfang Mentor		1	0	bulk
ENG	ELD	Wicked Guardian		4	0	bulk
ENG	BBD	Painful Lesson		4	0	bulk
ENG	AKH	Soulstinger		7	0	bulk
ENG	IKO	Blitz Leech		4	0	bulk
ENG	WAR	Vraska's Finisher		1	0	bulk
ENG	M20	Vampire Opportunist		1	0	bulk
ENG	JMP	Tithebearer Giant		1	0	bulk
ENG	WAR	Toll of the Invasion		1	0	bulk
ENG	WAR	Shriekdiver		1	0	bulk
ENG	WAR	Sorin's Thirst		2	0	bulk
ENG	WAR	Ob Nixilis's Cruelty		1	0	bulk
ENG	WAR	Duskmantle Operative		1	0	bulk
ENG	XLN	Blight Keeper		9	0	bulk
ENG	CN2	Regicide		4	0	bulk
ENG	CN2	Smuggler Captain		1	0	bulk
ENG	XLN	Anointed Deacon		7	0	bulk
ENG	DOM	Fungal Infection		4	0	bulk
ENG	XLN	Skymarch Bloodletter		2	0	bulk
ENG	DOM	Drudge Sentinel		5	0	bulk
ENG	RNA	Catacomb Crocodile		3	0	bulk
ENG	KHM	Withercrown		1	0	bulk
ENG	KHM	Karfell Kennel-Master		1	0	bulk
ENG	HOU	Scrounger of Souls		4	0	bulk
ENG	HOU	Ruin Rat		4	0	bulk
ENG	RNA	Ill-Gotten Inheritance		6	0	bulk
ENG	HOU	Merciless Eternal		3	0	bulk
ENG	HOU	Razaketh's Rite		2	0	bulk
ENG	ROE	Zulaport Enforcer		1	0	bulk
ENG	XLN	Fathom Fleet Cutthroat		4	0	bulk
ENG	RNA	Bladebrand		6	0	bulk
ENG	RNA	Blade Juggler		5	0	bulk
ENG	RNA	Dead Revels		4	0	bulk
ENG	RNA	Carrion Imp		4	0	bulk
ENG	DOM	Dark Bargain		1	0	bulk
ENG	DOM	Eviscerate		1	0	bulk
ENG	M14	Liturgy of Blood		1	0	bulk
ENG	KHM	Sarulf's Packmate		1	0	bulk
ENG	HOU	Rampaging Hippo		8	0	bulk
ENG	HOU	Oasis Ritualist		8	0	bulk
ENG	XLN	Deeproot Warrior		8	0	bulk
ENG	XLN	Colossal Dreadmaw		8	0	bulk
ENG	XLN	Crushing Canopy		8	0	bulk
ENG	XLN	Crash the Ramparts		8	0	bulk
ENG	ELD	Wolf's Quarry		4	0	bulk
ENG	RNA	Wrecking Beast		1	0	bulk
ENG	ELD	Wildwood Tracker		8	0	bulk
ENG	M15	Wall of Mulch		1	0	bulk
ENG	ELD	Outmuscle		4	0	bulk
ENG	W17	Oakenform		1	0	bulk
ENG	KTK	Naturalize		3	0	bulk
ENG	OGW	Elemental Uprising		4	0	bulk
ENG	DTK	Epic Confrontation		2	0	bulk
ENG	DOM	Baloth Gorger		3	0	bulk
ENG	XLN	Pounce		4	0	bulk
ENG	XLN	River Heralds' Boon		4	0	bulk
ENG	XLN	Ravenous Daggertooth		4	0	bulk
ENG	HOU	Hope Tender		4	0	bulk
ENG	HOU	Life Goes On		4	0	bulk
ENG	HOU	Gift of Strength		4	0	bulk
ENG	HOU	Harrier Naga		4	0	bulk
ENG	XLN	Jade Guardian		2	0	bulk
ENG	XLN	Ixalli's Keeper		4	0	bulk
ENG	XLN	Ixalli's Diviner		4	0	bulk
ENG	HOU	Feral Prowler		4	0	bulk
ENG	XLN	Commune with Dinosaurs		4	0	bulk
ENG	AKH	Spidery Grasp		2	0	bulk
ENG	XLN	Blossom Dryad		4	0	bulk
ENG	IKO	Exuberant Wolfbear		1	0	bulk
ENG	IKO	Barrier Breach		2	0	bulk
ENG	IKO	Adventurous Impulse		1	0	bulk
ENG	BBD	Primal Huntbeast		4	0	bulk
ENG	DOM	Gift of Growth		6	0	bulk
ENG	AKH	Shed Weakness		8	0	bulk
ENG	IKO	Almighty Brushwagg		6	0	bulk
ENG	WAR	Vivien's Grizzly		2	0	bulk
ENG	WAR	Thundering Ceratok		1	0	bulk
ENG	WAR	Giant Growth		1	0	bulk
ENG	WAR	Courage in Crisis		1	0	bulk
ENG	WAR	Centaur Nurturer		1	0	bulk
ENG	XLN	Blossom Dryad		4	0	bulk
ENG	BFZ	Oran-Rief Invoker		1	0	bulk
ENG	CN2	Orchard Elemental		5	0	bulk
ENG	BBD	Plated Crusher		1	0	bulk
ENG	CN2	Leovold's Operative		4	0	bulk
ENG	CN2	Natural Unity		2	0	bulk
ENG	BFZ	Lifespring Druid		1	0	bulk
ENG	XLN	Ancient Brontodon		6	0	bulk
ENG	XLN	Jungle Delver		1	0	bulk
ENG	XLN	Grazing Whiptail		4	0	bulk
ENG	KHM	Jaspera Sentinel		1	0	bulk
ENG	KHM	Roots of Wisdom		1	0	bulk
ENG	HOU	Frilled Sandwalla		4	0	bulk
ENG	HOU	Sidewinder Naga		4	0	bulk
ENG	HOU	Rhonas's Stalwart		4	0	bulk
ENG	HOU	Nissa's Defeat		2	0	bulk
ENG	HOU	Quarry Beetle		4	0	bulk
ENG	HOU	Overcome		7	0	bulk
ENG	RNA	Axebane Beast		5	0	bulk
ENG	RNA	Gift of Strength		4	0	bulk
ENG	XLN	Spike-Tailed Ceratops		1	0	bulk
ENG	DOM	Corrosive Ooze		4	0	bulk
ENG	DOM	Gaea's Protector		5	0	bulk
ENG	KHM	Karfell Harbinger		1	0	bulk
ENG	HOU	Proven Combatant		8	0	bulk
ENG	RNA	Faerie Duelist		8	0	bulk
ENG	XLN	Depths of Desire		8	0	bulk
ENG	RNA	Arrester's Admonition		9	0	bulk
ENG	DIS	Writ of Passage		1	0	bulk
ENG	KLD	Aethersquall Ancient		2	0	bulk
ENG	ELD	Witching Well		7	0	bulk
ENG	JOU	War-Wing Siren		1	0	bulk
ENG	ELD	Vantress Paladin		1	0	bulk
ENG	M15	Negate		2	0	bulk
ENG	ORI	Calculated Dismissal		1	0	bulk
ENG	DOM	Befuddle		5	0	bulk
ENG	DOM	Arcane Flight		2	0	bulk
ENG	XLN	Prosperous Pirates		4	0	bulk
ENG	XLN	Headwater Sentries		4	0	bulk
ENG	XLN	Pirate's Prize		4	0	bulk
ENG	ELD	Mantle of Tides		4	0	bulk
ENG	HOU	Imaginary Threats		2	0	bulk
ENG	HOU	Jace's Defeat		2	0	bulk
ENG	AKH	Angler Drake		2	0	bulk
ENG	AKH	Ancient Crab		4	0	bulk
ENG	HOU	Eternal of Harsh Truths		2	0	bulk
ENG	RNA	Coral Commando		4	0	bulk
ENG	RNA	Clear the Mind		4	0	bulk
ENG	DOM	Deep Freeze		4	0	bulk
ENG	RNA	Chillbringer		6	0	bulk
ENG	DOM	Divination		1	0	bulk
ENG	AKH	Scribe of the Mindful		8	0	bulk
ENG	AKH	Seeker of Insight		6	0	bulk
ENG	IKO	Keep Safe		1	0	bulk
ENG	IKO	Essence Scatter		1	0	bulk
ENG	IKO	Avian Oddity		2	0	bulk
ENG	IKO	Aegis Turtle		1	0	bulk
ENG	ELD	Wishful Merfolk		4	0	bulk
ENG	BBD	Omenspeaker		3	0	bulk
ENG	IKO	Wingfold Pteron		1	0	bulk
ENG	XLN	Siren Lookout		5	0	bulk
ENG	XLN	Shaper Apprentice		4	0	bulk
ENG	XLN	Shipwreck Looter		4	0	bulk
ENG	AKH	Shimmerscale Drake		1	0	bulk
ENG	IKO	Archipelagore		1	0	bulk
ENG	IKO	Anticipate		3	0	bulk
ENG	WAR	Spellkeeper Weird		1	0	bulk
ENG	WAR	Stealth Mission		1	0	bulk
ENG	WAR	Tamiyo's Epiphany		1	0	bulk
ENG	WAR	Teferi's Time Twist		1	0	bulk
ENG	WAR	Erratic Visionary		1	0	bulk
ENG	WAR	Callous Dismissal		1	0	bulk
ENG	CN2	Spire Phantasm		1	0	bulk
ENG	CN2	Omenspeaker		3	0	bulk
ENG	KHM	Behold the Multiverse		1	0	bulk
ENG	KHM	Pilfering Hawk		1	0	bulk
ENG	KLD	Saheeli's Artistry		1	0	bulk
ENG	HOU	Spellweaver Eternal		4	0	bulk
ENG	HOU	Strategic Planning		4	0	bulk
ENG	HOU	Riddleform		4	0	bulk
ENG	RNA	Humongulus		5	0	bulk
ENG	HOU	Ominous Sphinx		4	0	bulk
ENG	AKH	Shimmerscale Drake		4	0	bulk
ENG	XLN	Storm Sculptor		2	0	bulk
ENG	XLN	Run Aground		4	0	bulk
ENG	HOU	Unquenchable Thirst		4	0	bulk
ENG	KHM	Cinderheart Giant		1	0	bulk
ENG	KHM	Dwarven Reinforcements		1	0	bulk
ENG	HOU	Open Fire		9	0	bulk
ENG	HOU	Puncturing Blow		8	0	bulk
ENG	RNA	Feral Maaka		8	0	bulk
ENG	XLN	Fathom Fleet Firebrand		10	0	bulk
ENG	RNA	Ghor-Clan Wrecker		8	0	bulk
ENG	RNA	Goblin Gathering		7	0	bulk
ENG	RNA	Gravel-Hide Goblin		8	0	bulk
ENG	UDS	Wild Colos		1	0	bulk
ENG	M20	Tectonic Rift		3	0	bulk
ENG	SOI	Reduce to Ashes		2	0	bulk
ENG	ELD	Ogre Errant		4	0	bulk
ENG	ELD	Crystal Slipper		2	0	bulk
ENG	ELD	Embereth Paladin		2	0	bulk
ENG	ELD	Embereth Shieldbreaker|Battle Display		2	0	bulk
ENG	KTK	Canyon Lurkers		1	0	bulk
ENG	GRN	Fearless Halberdier		4	0	bulk
ENG	FRF	Bathe in Dragonfire		1	0	bulk
ENG	ELD	Barge In		2	0	bulk
ENG	XLN	Rile		4	0	bulk
ENG	XLN	Nest Robber		4	0	bulk
ENG	HOU	Magmaroth		2	0	bulk
ENG	HOU	Manticore Eternal		4	0	bulk
ENG	HOU	Inferno Jet		2	0	bulk
ENG	HOU	Kindled Fury		4	0	bulk
ENG	HOU	Khenra Scrapper		4	0	bulk
ENG	HOU	Gilded Cerodon		4	0	bulk
ENG	HOU	Granitic Titan		4	0	bulk
ENG	XLN	Hijack		4	0	bulk
ENG	RNA	Act of Treason		4	0	bulk
ENG	THS	Satyr Rambler		4	0	bulk
ENG	DOM	Fervent Strike		4	0	bulk
ENG	DOM	Fiery Intervention		5	0	bulk
ENG	IKO	Lava Serpent		1	0	bulk
ENG	IKO	Blisterspit Gremlin		8	0	bulk
ENG	MMQ	Magistrate's Veto		1	0	bulk
ENG	MMQ	Lunge		1	0	bulk
ENG	POR	Lizard Warrior		1	0	bulk
ENG	ICE	Lava Burst		1	0	bulk
ENG	POR	Hulking Goblin		1	0	bulk
ENG	ALL	Guerrilla Tactics	1	1	0	bulk
ENG	ALL	Guerrilla Tactics	2	1	0	bulk
ENG	INV	Zap		1	0	bulk
ENG	TMP	Wild Wurm		2	0	bulk
ENG	USG	Vug Lizard		1	0	bulk
ENG	USG	Viashino Weaponsmith		1	0	bulk
ENG	USG	Viashino Outrider		1	0	bulk
ENG	ELD	Weaselback Redcap		3	0	bulk
ENG	XLN	Frenzied Raptor		9	0	bulk
ENG	IKO	Blazing Volley		4	0	bulk
ENG	WAR	Turret Ogre		1	0	bulk
ENG	WAR	Raging Kronch		1	0	bulk
ENG	WAR	Nahiri's Stoneblades		1	0	bulk
ENG	WAR	Goblin Assailant		1	0	bulk
ENG	WAR	Goblin Assault Team		1	0	bulk
ENG	WAR	Grim Initiate		1	0	bulk
ENG	WAR	Burning Prophet		2	0	bulk
ENG	CN2	Pyretic Hunter		1	0	bulk
ENG	CN2	Ogre Sentry		3	0	bulk
ENG	DOM	Frenzied Rage		4	0	bulk
ENG	DOM	Fire Elemental		7	0	bulk
ENG	DOM	Ghitu Chronicler		4	0	bulk
ENG	DOM	Ghitu Journeymage		6	0	bulk
ENG	RIX	Brazen Freebooter		4	0	bulk
ENG	XLN	Headstrong Brute		2	0	bulk
ENG	KHM	Shackles of Treachery		1	0	bulk
ENG	KHM	Hagi Mob		1	0	bulk
ENG	HOU	Firebrand Archer		4	0	bulk
ENG	HOU	Fervent Paincaster		4	0	bulk
ENG	HOU	Frontline Devastator		4	0	bulk
ENG	HOU	Sand Strangler		4	0	bulk
ENG	XLN	Firecannon Blast		3	0	bulk
ENG	XLN	Dual Shot		1	0	bulk
ENG	XLN	Demolish		1	0	bulk
ENG	RNA	Burning-Tree Vandal		7	0	bulk
ENG	RNA	Burn Bright		7	0	bulk
ENG	RNA	Deface		6	0	bulk
ENG	XLN	Storm Fleet Pyromancer		8	0	bulk
ENG	XLN	Rummaging Goblin		4	0	bulk
ENG	JOU	Sigiled Starfish		2	0	bulk
ENG	AVR	Captain of the Mists		1	0	bulk
ENG	XLN	Favorable Winds		1	0	bulk
ENG	CNS	Favorable Winds		3	0	bulk
ENG	M13	Clone		2	0	bulk
ENG	FRF	Renowned Weaponsmith		1	0	bulk
ENG	M20	Renowned Weaponsmith		1	0	bulk
ENG	DDQ	Captain of the Mists		1	0	bulk
ENG	M13	Sphinx of Uthuun		2	0	bulk
ENG	JOU	Scourge of Fleets		2	0	bulk
ENG	DOM	Tetsuko Umezawa, Fugitive		1	0	bulk
ENG	DTK	Deadly Wanderings		1	0	bulk
ENG	DST	Burden of Greed		1	0	bulk
ENG	DST	Echoing Decay		1	0	bulk
ENG	M20	Sorcerer of the Fang		2	0	bulk
ENG	GRN	Douser of Lights		2	0	bulk
ENG	GRN	Deadly Visit		1	0	bulk
ENG	GRN	Spinal Centipede		3	0	bulk
ENG	RNA	Carrion Imp		1	0	bulk
ENG	JMP	Innocent Blood		1	0	bulk
ENG	ORI	Undead Servant		2	0	bulk
ENG	GRN	Severed Strands		2	0	bulk
ENG	M20	Blood Burglar		1	0	bulk
ENG	MM3	Bone Splinters		1	0	bulk
ENG	M20	Feral Abomination		1	0	bulk
ENG	M20	Gorging Vulture		1	0	bulk
ENG	M20	Audacious Thief		2	0	bulk
ENG	M11	Barony Vampire		3	0	bulk
ENG	JMP	Douse in Gloom		2	0	bulk
ENG	FRF	Sultai Emissary		1	0	bulk
ENG	DTK	Foul-Tongue Shriek		1	0	bulk
ENG	FRF	Ancestral Vengeance		1	0	bulk
ENG	RNA	Bladebrand		1	0	bulk
ENG	IMA	Duress		1	0	bulk
ENG	XLN	Raiders' Wake		1	0	bulk
ENG	DOM	Demonic Vigor		1	0	bulk
ENG	RNA	Grotesque Demise		1	0	bulk
ENG	BBD	Grotesque Mutation		1	0	bulk
ENG	M15	Necromancer's Assistant		1	0	bulk
ENG	ROE	Suffer the Past		1	0	bulk
ENG	BBD	Tenacious Dead		1	0	bulk
ENG	RNA	Thirsting Shade		1	0	bulk
ENG	RNA	Carrion Imp		1	0	bulk
ENG	UMA	Gurmag Angler		1	0	bulk
ENG	BFZ	Grave Birthing		1	0	bulk
ENG	BFZ	Complete Disregard		1	0	bulk
ENG	M20	Soul Salvage		1	0	bulk
ENG	RNA	Undercity Scavenger		1	0	bulk
ENG	RNA	Undercity's Embrace		1	0	bulk
ENG	M20	Unholy Indenture		1	0	bulk
ENG	DDN	Bone Splinters		1	0	bulk
ENG	GRN	Dead Weight		1	0	bulk
ENG	M20	Bartizan Bats		3	0	bulk
ENG	RTR	Perilous Shadow		1	0	bulk
ENG	M13	Vile Rebirth		1	0	bulk
ENG	XLN	Fathom Fleet Cutthroat		1	0	bulk
ENG	SOM	Instill Infection		1	0	bulk
ENG	SOM	Moriok Reaver		1	0	bulk
ENG	SOI	Vessel of Malignity		1	0	bulk
ENG	ORI	Macabre Waltz		1	0	bulk
ENG	M15	Accursed Spirit		1	0	bulk
ENG	CHK	Thief of Hope		1	0	bulk
ENG	RTR	Dead Reveler		1	0	bulk
ENG	RTR	Cremate		1	0	bulk
ENG	CN2	Absorb Vis		1	0	bulk
ENG	THS	Sip of Hemlock		1	0	bulk
ENG	BBD	Doomed Dissenter		1	0	bulk
ENG	KLD	Prakhata Club Security		1	0	bulk
ENG	A25	Returned Phalanx		1	0	bulk
ENG	CMR	Supernatural Stamina		1	0	bulk
ENG	CMR	Bitter Revelation		1	0	bulk
ENG	C14	Read the Bones		1	0	bulk
ENG	BBD	Eyeblight Assassin		1	0	bulk
ENG	BFZ	Mind Raker		2	0	bulk
ENG	GRN	Mephitic Vapors		1	0	bulk
ENG	GRN	Moodmark Painter		1	0	bulk
ENG	BFZ	Silent Skimmer		1	0	bulk
ENG	NPH	Pith Driller		1	0	bulk
ENG	NPH	Pestilent Souleater		1	0	bulk
ENG	FRF	Reach of Shadows		2	0	bulk
ENG	CNS	Tyrant's Choice		1	0	bulk
ENG	GRN	Veiled Shade		1	0	bulk
ENG	M20	Soul Salvage		1	0	bulk
ENG	FRF	Sultai Emissary		2	0	bulk
ENG	FRF	Alesha's Vanguard		2	0	bulk
ENG	EMN	Strange Augmentation		1	0	bulk
ENG	A25	Nezumi Cutthroat		1	0	bulk
ENG	P02	Mind Rot		1	0	bulk
ENG	P02	Coercion		1	0	bulk
ENG	W17	Untamed Hunger		1	0	bulk
ENG	DDR	Renegade Demon		1	0	bulk
ENG	CN2	Death Wind		1	0	bulk
ENG	IMA	Thrill-Kill Assassin		1	0	bulk
ENG	OGW	Visions of Brutality		1	0	bulk
ENG	ONS	Crown of Suspicion		1	0	bulk
ENG	DGM	Sinister Possession		1	0	bulk
ENG	A25	Deadly Designs		1	0	bulk
ENG	SOI	Ghoulsteed		1	0	bulk
ENG	M20	Boneclad Necromancer		3	0	bulk
ENG	WWK	Brink of Disaster		1	0	bulk
ENG	IMA	Foul-Tongue Invocation		1	0	bulk
ENG	ROE	Essence Feed		1	0	bulk
ENG	DDC	Demon's Jester		1	0	bulk
ENG	JMP	Dutiful Attendant		1	0	bulk
ENG	JMP	Lawless Broker		1	0	bulk
ENG	JOU	Bloodcrazed Hoplite		1	0	bulk
ENG	TSP	Urborg Syphon-Mage		1	0	bulk
ENG	GRN	Never Happened		1	0	bulk
ENG	DOM	Vicious Offering		1	0	bulk
ENG	RIX	Moment of Craving		1	0	bulk
ENG	M12	Devouring Swarm		1	0	bulk
ENG	SOI	Hound of the Farbogs		1	0	bulk
ENG	CMR	Bladebrand		1	0	bulk
ENG	IMA	Duress		1	0	bulk
ENG	BFZ	Sludge Crawler		1	0	bulk
ENG	OGW	Kozilek's Translator		1	0	bulk
ENG	KLD	Subtle Strike		1	0	bulk
ENG	AKH	Cartouche of Ambition		1	0	bulk
ENG	EMN	Graf Harvest		1	0	bulk
ENG	EMN	Prying Questions		1	0	bulk
ENG	SOI	Dead Weight		1	0	bulk
ENG	2XM	Dire Fleet Hoarder		1	0	bulk
ENG	RNA	Undercity's Embrace		1	0	bulk
ENG	RNA	Catacomb Crocodile		1	0	bulk
ENG	ISD	Skeletal Grimace		1	0	bulk
ENG	ORI	Valeron Wardens		1	0	bulk
ENG	IMA	Prey's Vengeance		1	0	bulk
ENG	W17	Stampeding Rhino		2	0	bulk
ENG	M20	Bristling Boar		1	0	bulk
ENG	DOM	Llanowar Elves		1	0	bulk
ENG	DOM	Adventurous Impulse		1	0	bulk
ENG	SOM	Blight Mamba		1	0	bulk
ENG	FRF	Map the Wastes		1	0	bulk
ENG	FRF	Formless Nurturing		2	0	bulk
ENG	M12	Titanic Growth		1	0	bulk
ENG	BNG	Swordwise Centaur		1	0	bulk
ENG	SOI	Might Beyond Reason		1	0	bulk
ENG	ORI	Wild Instincts		1	0	bulk
ENG	MM2	Matca Rioters		1	0	bulk
ENG	BNG	Charging Badger		1	0	bulk
ENG	BNG	Nyxborn Wolf		1	0	bulk
ENG	GRN	Pack's Favor		1	0	bulk
ENG	CN2	Ravenous Leucrocota		1	0	bulk
ENG	MM3	Strength in Numbers		1	0	bulk
ENG	M15	Hunt the Weak		1	0	bulk
ENG	M15	Living Totem		1	0	bulk
ENG	XLN	Grazing Whiptail		1	0	bulk
ENG	XLN	Spike-Tailed Ceratops		1	0	bulk
ENG	KLD	Hunt the Weak		1	0	bulk
ENG	BBD	Cowl Prowler		2	0	bulk
ENG	FRF	Battlefront Krushok		1	0	bulk
ENG	KLD	Arborback Stomper		1	0	bulk
ENG	HOU	Beneath the Sands		1	0	bulk
ENG	HOU	Harrier Naga		1	0	bulk
ENG	M20	Canopy Spider		1	0	bulk
ENG	ORI	Titanic Growth		1	0	bulk
ENG	FRF	Destructor Dragon		1	0	bulk
ENG	AER	Narnam Renegade		1	0	bulk
ENG	RNA	Axebane Beast		1	0	bulk
ENG	RNA	Rampaging Rendhorn		1	0	bulk
ENG	KLD	Terrain Elemental		1	0	bulk
ENG	RNA	Root Snare		1	0	bulk
ENG	WAR	Giant Growth		1	0	bulk
ENG	WAR	Band Together		1	0	bulk
ENG	WAR	Bloom Hulk		1	0	bulk
ENG	WAR	Snarespinner		1	0	bulk
ENG	FRF	Ambush Krotiq		1	0	bulk
ENG	FRF	Return to the Earth		1	0	bulk
ENG	AVR	Geist Trappers		1	0	bulk
ENG	M20	Brightwood Tracker		1	0	bulk
ENG	M13	Elvish Visionary		1	0	bulk
ENG	M12	Vastwood Gorger		1	0	bulk
ENG	GRN	Generous Stray		1	0	bulk
ENG	GRN	Wild Ceratok		1	0	bulk
ENG	GRN	Urban Utopia		2	0	bulk
ENG	GRN	Wary Okapi		1	0	bulk
ENG	GRN	Kraul Foragers		1	0	bulk
ENG	GRN	Siege Wurm		1	0	bulk
ENG	UMA	Crushing Canopy		1	0	bulk
ENG	EMN	Wolfkin Bond		1	0	bulk
ENG	GRN	Vigorspore Wurm		1	0	bulk
ENG	DOM	Mammoth Spider		1	0	bulk
ENG	AVR	Natural End		1	0	bulk
ENG	GRN	Ironshell Beetle		1	0	bulk
ENG	GRN	Portcullis Vine		1	0	bulk
ENG	KTK	Highland Game		1	0	bulk
ENG	GRN	Prey Upon		1	0	bulk
ENG	CMR	Silverback Shaman		1	0	bulk
ENG	DOM	Skittering Surveyor		1	0	bulk
ENG	DOM	Navigator's Compass		1	0	bulk
ENG	AER	Implement of Ferocity		1	0	bulk
ENG	AER	Reservoir Walker		1	0	bulk
ENG	AKH	Edifice of Authority		1	0	bulk
ENG	KLD	Bastion Mastodon		1	0	bulk
ENG	SOM	Saberclaw Golem		2	0	bulk
ENG	SOM	Rusted Relic		1	0	bulk
ENG	EMN	Slayer's Cleaver		2	0	bulk
ENG	SOM	Copper Myr		2	0	bulk
ENG	WWK	Hedron Rover		1	0	bulk
ENG	CN2	Runed Servitor		1	0	bulk
ENG	THS	Anvilwrought Raptor		1	0	bulk
ENG	M20	Stone Golem		1	0	bulk
ENG	JMP	Scroll of Avacyn		1	0	bulk
ENG	FRF	War Flare		3	0	bulk
ENG	FRF	Cunning Strike		2	0	bulk
ENG	GRN	Dimir Guildgate	1	2	0	bulk
ENG	RNA	Rubblebelt Runner		1	0	bulk
ENG	FRF	Grim Contest		1	0	bulk
ENG	DGM	Showstopper		1	0	bulk
ENG	DGM	Warped Physique		1	0	bulk
ENG	GRN	Pitiless Gorgon		2	0	bulk
ENG	GRN	Rhizome Lurcher		2	0	bulk
ENG	GRN	Erstwhile Trooper		3	0	bulk
ENG	GRN	Selesnya Guildgate	1	1	0	bulk
ENG	GRN	Sumala Woodshaper		2	0	bulk
ENG	FRF	Wind-Scarred Crag		1	0	bulk
ENG	RIX	Woodland Stream		1	0	bulk
ENG	GRN	Selesnya Guildgate	1	2	0	bulk
ENG	GRN	Goblin Electromancer		1	0	bulk
ENG	GRN	Artful Takedown		3	0	bulk
ENG	GRN	Golgari Findbroker		1	0	bulk
ENG	RNA	Azorius Guildgate	1	1	0	bulk
ENG	GRN	Hypothesizzle		2	0	bulk
ENG	GRN	Izzet Guildgate	1	2	0	bulk
ENG	GRN	Skyknight Legionnaire		2	0	bulk
ENG	GRN	Vernadi Shieldmate		3	0	bulk
ENG	GRN	Hammer Dropper		1	0	bulk
ENG	GRN	Centaur Peacemaker		2	0	bulk
ENG	XLN	Dire Fleet Captain		1	0	bulk
ENG	RNA	Consecrate|Consume		1	0	bulk
ENG	GRN	Ral's Staticaster		1	0	bulk
ENG	GRN	Garrison Sergeant		1	0	bulk
ENG	DOM	Slimefoot, the Stowaway		1	0	bulk
ENG	GRN	Status|Statue		1	0	bulk
ENG	HOU	Cinder Barrens		1	0	bulk
ENG	RNA	Imperious Oligarch		1	0	bulk
ENG	RNA	Azorius Knight-Arbiter		1	0	bulk
ENG	FRF	Harsh Sustenance		1	0	bulk
ENG	FRF	Ethereal Ambush		1	0	bulk
ENG	CMR	Tiana, Ship's Caretaker		1	0	bulk
ENG	RTR	Sundering Growth		1	0	bulk
ENG	M20	Bloodfell Caves		1	0	bulk
ENG	DDN	Ghitu Encampment		1	0	bulk
ENG	CMR	Woodland Stream		1	0	bulk
ENG	GRN	Undercity Uprising		1	0	bulk
ENG	M19	Meandering River		1	0	bulk
ENG	GRN	Hypothesizzle		1	0	bulk
ENG	GRN	Hammer Dropper		1	0	bulk
ENG	WAR	Elite Guardmage		1	0	bulk
ENG	RNA	Dovin's Acuity		1	0	bulk
ENG	DOM	Arvad the Cursed		1	0	bulk
ENG	DDS	Goblin Electromancer		1	0	bulk
ENG	DDS	Relentless Hunter		1	0	bulk
ENG	GTC	Hydroform		1	0	bulk
ENG	DOM	Meandering River		1	0	bulk
ENG	AKH	Highland Lake		1	0	bulk
ENG	RNA	Frenzied Arynx		1	0	bulk
ENG	RNA	Applied Biomancy		1	0	bulk
ENG	SOI	Harvest Hand|Scrounged Scythe		1	0	bulk
ENG	SOI	Runaway Carriage		1	0	bulk
ENG	JMP	Mana Geode		1	0	bulk
ENG	M21	Prismite		1	0	bulk
ENG	WAR	Prismite		3	0	bulk
ENG	GRN	Golgari Locket		2	0	bulk
ENG	SOM	Golden Urn		2	0	bulk
ENG	SOM	Gold Myr		2	0	bulk
ENG	MRD	Hematite Golem		1	0	bulk
ENG	KLD	Cogworker's Puzzleknot		3	0	bulk
ENG	AER	Prizefighter Construct		1	0	bulk
ENG	KLD	Glassblower's Puzzleknot		1	0	bulk
ENG	MM2	Gust-Skimmer		1	0	bulk
ENG	SOI	Thraben Gargoyle|Stonewing Antagonizer		1	0	bulk
ENG	NPH	Insatiable Souleater		1	0	bulk
ENG	MRD	Needlebug		1	0	bulk
ENG	KLD	Metalspinner's Puzzleknot		1	0	bulk
ENG	MRD	Nim Replica		1	0	bulk
ENG	MBS	Copper Carapace		1	0	bulk
ENG	WAR	Saheeli's Silverwing		1	0	bulk
ENG	OGW	Strider Harness		1	0	bulk
ENG	MM2	Glint Hawk Idol		1	0	bulk
ENG	AER	Watchful Automaton		2	0	bulk
ENG	AER	Welder Automaton		2	0	bulk
ENG	JMP	Ancestral Statue		1	0	bulk
ENG	ORI	Veteran's Sidearm		1	0	bulk
ENG	ORI	Alchemist's Vial		1	0	bulk
ENG	ORI	Meteorite		1	0	bulk
ENG	ISD	Galvanic Juggernaut		1	0	bulk
ENG	M20	Anvilwrought Raptor		1	0	bulk
ENG	DOM	Icy Manipulator		1	0	bulk
ENG	ORI	Bonded Construct		1	0	bulk
ENG	OGW	Kozilek's Pathfinder		1	0	bulk
ENG	MBS	Bladed Sentinel		1	0	bulk
ENG	SOM	Silver Myr		1	0	bulk
ENG	A25	Perilous Myr		1	0	bulk
ENG	SOM	Sylvok Lifestaff		1	0	bulk
ENG	BBD	Liturgy of Blood		1	0	bulk
ENG	XLN	Fathom Fleet Cutthroat		1	0	bulk
ENG	DOM	Stronghold Confessor		1	0	bulk
ENG	DOM	Fungal Infection		1	0	bulk
ENG	ROE	Nighthaze		1	0	bulk
ENG	DKA	Tragic Slip		1	0	bulk
ENG	MOR	Blightsoil Druid		1	0	bulk
ENG	ULG	Plague Beetle		1	0	bulk
ENG	BFZ	Kalastria Healer		2	0	bulk
ENG	DDP	Dominator Drone		1	0	bulk
ENG	AKH	Scarab Feast		1	0	bulk
ENG	AKH	Final Reward		1	0	bulk
ENG	RIX	Dusk Legion Zealot		1	0	bulk
ENG	ZEN	Vampire Lacerator		1	0	bulk
ENG	THS	March of the Returned		1	0	bulk
ENG	EMA	Urborg Uprising		1	0	bulk
ENG	GN2	Gavony Unhallowed		2	0	bulk
ENG	RTR	Destroy the Evidence		1	0	bulk
ENG	GTC	Devour Flesh		1	0	bulk
ENG	DGM	Crypt Incursion		1	0	bulk
ENG	OGW	Essence Depleter		1	0	bulk
ENG	BFZ	Skitterskin		1	0	bulk
ENG	OGW	Unnatural Endurance		1	0	bulk
ENG	OGW	Oblivion Strike		1	0	bulk
ENG	FRF	Alesha's Vanguard		1	0	bulk
ENG	FRF	Sultai Runemark		1	0	bulk
ENG	AKH	Horror of the Broken Lands		1	0	bulk
ENG	GK1	Slum Reaper		1	0	bulk
ENG	THS	Disciple of Phenax		1	0	bulk
ENG	AKH	Trespasser's Curse		1	0	bulk
ENG	DOM	Divest		1	0	bulk
ENG	FRF	Reach of Shadows		1	0	bulk
ENG	FRF	Sibsig Host		1	0	bulk
ENG	BFZ	Murasa Ranger		1	0	bulk
ENG	EMN	Wolfkin Bond		1	0	bulk
ENG	DDR	Oran-Rief Invoker		1	0	bulk
ENG	M10	Oakenform		1	0	bulk
ENG	M19	Wall of Vines		1	0	bulk
ENG	DOM	Adventurous Impulse		1	0	bulk
ENG	GRN	Siege Wurm		2	0	bulk
ENG	XLN	Ixalli's Keeper		1	0	bulk
ENG	XLN	Jungle Delver		1	0	bulk
ENG	BNG	Setessan Oathsworn		1	0	bulk
ENG	BNG	Mortal's Resolve		1	0	bulk
ENG	NPH	Viridian Harvest		2	0	bulk
ENG	M14	Advocate of the Beast		1	0	bulk
ENG	C14	Elvish Visionary		1	0	bulk
ENG	DDU	Leaf Gilder		1	0	bulk
ENG	RAV	Greater Mossdog		1	0	bulk
ENG	M14	Hunt the Weak		1	0	bulk
ENG	GRN	Pack's Favor		1	0	bulk
ENG	GRN	Pack's Favor		1	0	bulk
ENG	DDM	Festerhide Boar		1	0	bulk
ENG	ISD	Villagers of Estwald|Howlpack of Estwald		1	0	bulk
ENG	M15	Elvish Mystic		1	0	bulk
ENG	DOM	Gift of Growth		1	0	bulk
ENG	RIX	Cherished Hatchling		1	0	bulk
ENG	XLN	Grazing Whiptail		1	0	bulk
ENG	KLD	Wild Wanderer		1	0	bulk
ENG	KLD	Hunt the Weak		1	0	bulk
ENG	ISD	Spider Spawning		1	0	bulk
ENG	PC2	Lumberknot		1	0	bulk
ENG	KLD	Larger Than Life		1	0	bulk
ENG	KLD	Thriving Rhino		2	0	bulk
ENG	EMN	Springsage Ritual		2	0	bulk
ENG	BFZ	Earthen Arms		1	0	bulk
ENG	JOU	Golden Hind		1	0	bulk
ENG	M19	Bristling Boar		1	0	bulk
ENG	DOM	Fungal Plots		1	0	bulk
ENG	XLN	Slice in Twain		1	0	bulk
ENG	WAR	Kraul Stinger		1	0	bulk
ENG	WAR	Arlinn's Wolf		1	0	bulk
ENG	KLD	Terrain Elemental		1	0	bulk
ENG	WAR	Courage in Crisis		1	0	bulk
ENG	M21	Return to Nature		2	0	bulk
ENG	WAR	Forced Landing		1	0	bulk
ENG	BBD	Kraul Warrior		1	0	bulk
ENG	BBD	Jungle Wayfinder		1	0	bulk
ENG	DOM	Llanowar Scout		1	0	bulk
ENG	M20	Brightwood Tracker		2	0	bulk
ENG	SOM	Wing Puncture		2	0	bulk
ENG	BOK	Roar of Jukai		1	0	bulk
ENG	GRN	Generous Stray		1	0	bulk
ENG	GRN	Wild Ceratok		1	0	bulk
ENG	GRN	Urban Utopia		2	0	bulk
ENG	GRN	Wary Okapi		2	0	bulk
ENG	UMA	Crushing Canopy		1	0	bulk
ENG	KTK	Alpine Grizzly		1	0	bulk
ENG	GRN	Vigorspore Wurm		1	0	bulk
ENG	GRN	Portcullis Vine		1	0	bulk
ENG	M20	Mammoth Spider		1	0	bulk
ENG	AVR	Natural End		1	0	bulk
ENG	JMP	Ironshell Beetle		1	0	bulk
ENG	M15	Centaur Courser		1	0	bulk
ENG	M20	Silverback Shaman		1	0	bulk
ENG	GRN	Devkarin Dissident		1	0	bulk
ENG	ZEN	Nissa's Chosen		1	0	bulk
ENG	SOI	Hinterland Logger|Timber Shredder		1	0	bulk
ENG	FRF	Whisperer of the Wilds		1	0	bulk
ENG	FRF	Ainok Guide		1	0	bulk
ENG	BBD	Return to the Earth		1	0	bulk
ENG	FRF	Temur Runemark		1	0	bulk
ENG	EMN	Ulvenwald Captive|Ulvenwald Abomination		1	0	bulk
ENG	AER	Druid of the Cowl		1	0	bulk
ENG	KLD	Armorcraft Judge		1	0	bulk
ENG	ISD	Ranger's Guile		1	0	bulk
ENG	AVR	Pathbreaker Wurm		1	0	bulk
ENG	W16	Oakenform		1	0	bulk
ENG	PC2	Ondu Giant		1	0	bulk
ENG	EMA	Roots		1	0	bulk
ENG	DDL	Satyr Hedonist		1	0	bulk
ENG	MMA	Thallid Germinator		1	0	bulk
ENG	MRD	Viridian Joiner		1	0	bulk
ENG	DGM	Thrashing Mossdog		1	0	bulk
ENG	SHM	Hungry Spriggan		1	0	bulk
ENG	XLN	Pounce		1	0	bulk
ENG	ROE	Prey's Vengeance		1	0	bulk
ENG	MRD	Groffskithur		1	0	bulk
ENG	EMA	Sylvan Might		1	0	bulk
ENG	ZEN	Oran-Rief Survivalist		1	0	bulk
ENG	ORI	Pharika's Disciple		1	0	bulk
ENG	OGW	Loam Larva		1	0	bulk
ENG	CNS	Charging Rhino		1	0	bulk
ENG	M13	Revive		1	0	bulk
ENG	DOM	Gaea's Blessing		1	0	bulk
ENG	KLD	Take Down		1	0	bulk
ENG	KLD	Kujar Seedsculptor		1	0	bulk
ENG	DKA	Clinging Mists		1	0	bulk
ENG	W17	Rabid Bite		1	0	bulk
ENG	AVR	Flowering Lumberknot		1	0	bulk
ENG	AVR	Geist Trappers		1	0	bulk
ENG	M12	Jade Mage		1	0	bulk
ENG	8ED	Revive		1	0	bulk
ENG	RIX	Aggressive Urge		1	0	bulk
ENG	KLD	Larger Than Life		1	0	bulk
ENG	KLD	Highspire Artisan		1	0	bulk
ENG	AVR	Rain of Thorns		1	0	bulk
ENG	RTR	Savage Surge		1	0	bulk
ENG	CNS	Gnarlid Pack		1	0	bulk
ENG	CNS	Howling Wolf		1	0	bulk
ENG	EMN	Somberwald Stag		1	0	bulk
ENG	POR	Warrior's Charge		1	0	bulk
ENG	ICE	Kelsinko Ranger		1	0	bulk
ENG	KTK	Mardu Hateblade		1	0	bulk
ENG	KTK	Mardu Hordechief		1	0	bulk
ENG	GRN	Ledev Guardian		2	0	bulk
ENG	ALA	Guardians of Akrasa		1	0	bulk
ENG	M13	Griffin Protector		2	0	bulk
ENG	BFZ	Angelic Gift		1	0	bulk
ENG	M20	Squad Captain		2	0	bulk
ENG	CMR	Disenchant		1	0	bulk
ENG	GRN	Candlelight Vigil		1	0	bulk
ENG	GRN	Tenth District Guard		1	0	bulk
ENG	M20	Dawning Angel		2	0	bulk
ENG	JMP	Inspiring Captain		4	0	bulk
ENG	MBS	Leonin Skyhunter		1	0	bulk
ENG	FRF	Arashin Cleric		3	0	bulk
ENG	AVR	Cathedral Sanctifier		2	0	bulk
ENG	M21	Dub		1	0	bulk
ENG	AKH	Renewed Faith		2	0	bulk
ENG	AKH	Vizier of Deferment		2	0	bulk
ENG	OGW	Makindi Aeronaut		2	0	bulk
ENG	DTK	Pacifism		2	0	bulk
ENG	OGW	Allied Reinforcements		1	0	bulk
ENG	OGW	Relief Captain		1	0	bulk
ENG	DKA	Break of Day		2	0	bulk
ENG	DKA	Skillful Lunge		1	0	bulk
ENG	MRD	Leonin Den-Guard		1	0	bulk
ENG	CMR	Ironclad Slayer		3	0	bulk
ENG	AVR	Seraph of Dawn		2	0	bulk
ENG	M12	Gideon's Lawkeeper		1	0	bulk
ENG	AVR	Moorland Inquisitor		1	0	bulk
ENG	AER	Caught in the Brights		1	0	bulk
ENG	AER	Ghirapur Osprey		1	0	bulk
ENG	M11	Tireless Missionaries		1	0	bulk
ENG	M10	Pacifism		1	0	bulk
ENG	DGM	Maze Sentinel		2	0	bulk
ENG	UMA	Icatian Crier		1	0	bulk
ENG	IMA	Angel of Mercy		1	0	bulk
ENG	DTK	Herald of Dromoka		1	0	bulk
ENG	BBD	Champion of Arashin		1	0	bulk
ENG	SOI	Moorland Drifter		3	0	bulk
ENG	SOI	Emissary of the Sleepless		2	0	bulk
ENG	CN2	Palace Sentinels		1	0	bulk
ENG	EMN	Give No Ground		1	0	bulk
ENG	RNA	Expose to Daylight		1	0	bulk
ENG	RNA	Syndicate Messenger		2	0	bulk
ENG	RTR	Concordia Pegasus		1	0	bulk
ENG	M14	Master of Diversion		1	0	bulk
ENG	ORI	Akroan Jailer		1	0	bulk
ENG	ORI	Eagle of the Watch		1	0	bulk
ENG	ZEN	Narrow Escape		1	0	bulk
ENG	M15	Pillar of Light		1	0	bulk
ENG	GRN	Take Heart		1	0	bulk
ENG	WAR	Wanderer's Strike		1	0	bulk
ENG	AER	Inspiring Roar		1	0	bulk
ENG	EMA	Raise the Alarm		3	0	bulk
ENG	FRF	Abzan Advantage		1	0	bulk
ENG	FRF	Dragon Bell Monk		2	0	bulk
ENG	FRF	Abzan Runemark		2	0	bulk
ENG	FRF	Abzan Skycaptain		3	0	bulk
ENG	FRF	Great-Horn Krushok		1	0	bulk
ENG	FRF	Sandsteppe Outcast		3	0	bulk
ENG	SCG	Astral Steel		1	0	bulk
ENG	M20	Griffin Sentinel		2	0	bulk
ENG	WAR	Charmed Stray		1	0	bulk
ENG	WAR	Defiant Strike		1	0	bulk
ENG	ORI	Suppression Bonds		1	0	bulk
ENG	M20	Soulmender		2	0	bulk
ENG	GNT	Inspiring Captain		1	0	bulk
ENG	EMN	Sigardian Priest		1	0	bulk
ENG	M20	Battalion Foot Soldier		2	0	bulk
ENG	M20	Aerial Assault		2	0	bulk
ENG	GRN	Collar the Culprit		2	0	bulk
ENG	GRN	Loxodon Restorer		2	0	bulk
ENG	GRN	Sworn Companions		2	0	bulk
ENG	ICE	Warning		1	0	bulk
ENG	RIX	Luminous Bonds		1	0	bulk
ENG	W16	Marked by Honor		1	0	bulk
ENG	M15	Inspired Charge		2	0	bulk
ENG	M20	Disenchant		1	0	bulk
ENG	ISD	Moment of Heroism		1	0	bulk
ENG	M20	Pacifism		1	0	bulk
ENG	MM3	Urbis Protector		1	0	bulk
ENG	AKH	Time to Reflect		1	0	bulk
ENG	HOU	Steward of Solidarity		1	0	bulk
ENG	JMP	Cathar's Companion		1	0	bulk
ENG	DDL	Miraculous Recovery		1	0	bulk
ENG	DTK	Dragon Hunter		1	0	bulk
ENG	DKA	Silverclaw Griffin		1	0	bulk
ENG	DDC	Venerable Monk		1	0	bulk
ENG	EMA	Aven Riftwatcher		1	0	bulk
ENG	DDN	Kor Hookmaster		1	0	bulk
ENG	A25	Renewed Faith		1	0	bulk
ENG	AVR	Angelic Wall		1	0	bulk
ENG	JOU	Oreskos Swiftclaw		1	0	bulk
ENG	AKH	Mighty Leap		1	0	bulk
ENG	RNA	Twilight Panther		1	0	bulk
ENG	UMA	Angelic Renewal		1	0	bulk
ENG	EMN	Desperate Sentry		1	0	bulk
ENG	M20	Glaring Aegis		1	0	bulk
ENG	MM3	Pitfall Trap		1	0	bulk
ENG	AVR	Thraben Valiant		1	0	bulk
ENG	AER	Decommission		1	0	bulk
ENG	10E	Pacifism		1	0	bulk
ENG	M11	Mighty Leap		1	0	bulk
ENG	MMA	Test of Faith		1	0	bulk
ENG	KLD	Inspired Charge		1	0	bulk
ENG	THS	Wingsteed Rider		1	0	bulk
ENG	ORI	Grasp of the Hieromancer		1	0	bulk
ENG	ORI	Heavy Infantry		1	0	bulk
ENG	JOU	Font of Vigor		1	0	bulk
ENG	RNA	Tenth District Veteran		1	0	bulk
ENG	M14	Soulmender		1	0	bulk
ENG	RTR	Sunspire Griffin		1	0	bulk
ENG	DTK	Sandstorm Charger		1	0	bulk
ENG	RTR	Phantom General		1	0	bulk
ENG	P02	Temple Acolyte		1	0	bulk
ENG	WAR	Enforcer Griffin		1	0	bulk
ENG	DOM	Dub		1	0	bulk
ENG	M19	Cavalry Drillmaster		1	0	bulk
ENG	FRF	Sandblast		1	0	bulk
ENG	WAR	Blindblast		1	0	bulk
ENG	WAR	Heartfire		1	0	bulk
ENG	WAR	Burning Prophet		1	0	bulk
ENG	WAR	Chandra's Pyrohelix		1	0	bulk
ENG	FRF	Fierce Invocation		1	0	bulk
ENG	FRF	Goblin Heelcutter		1	0	bulk
ENG	WAR	Devouring Hellion		1	0	bulk
ENG	RNA	Dagger Caster		1	0	bulk
ENG	JMP	Blindblast		1	0	bulk
ENG	WAR	Sarkhan's Catharsis		2	0	bulk
ENG	M20	Ripscale Predator		1	0	bulk
ENG	M19	Electrify		1	0	bulk
ENG	M12	Tectonic Rift		1	0	bulk
ENG	GRN	Wojek Bodyguard		1	0	bulk
ENG	M20	Destructive Digger		1	0	bulk
ENG	M20	Fire Elemental		1	0	bulk
ENG	DOM	Keldon Raider		1	0	bulk
ENG	GRN	Barging Sergeant		1	0	bulk
ENG	GRN	Direct Current		2	0	bulk
ENG	M20	Fearless Halberdier		1	0	bulk
ENG	GRN	Rubblebelt Boar		1	0	bulk
ENG	M20	Maniacal Rage		1	0	bulk
ENG	GRN	Goblin Locksmith		1	0	bulk
ENG	M20	Goblin Smuggler		1	0	bulk
ENG	IMA	Guttersnipe		1	0	bulk
ENG	DOM	Skizzik		1	0	bulk
ENG	9ED	Volcanic Hammer		1	0	bulk
ENG	M11	Thunder Strike		2	0	bulk
ENG	RAV	Dogpile		1	0	bulk
ENG	BNG	Rise to the Challenge		1	0	bulk
ENG	OGW	Press into Service		1	0	bulk
ENG	WWK	Bull Rush		1	0	bulk
ENG	IMA	Hammerhand		1	0	bulk
ENG	SOK	Barrel Down Sokenzan		1	0	bulk
ENG	SOM	Arc Trail		1	0	bulk
ENG	4ED	Eternal Warrior		1	0	bulk
ENG	AKH	Battlefield Scavenger		1	0	bulk
ENG	AKH	Trueheart Twins		1	0	bulk
ENG	DDG	Fiery Fall		1	0	bulk
ENG	M15	Crowd's Favor		1	0	bulk
ENG	SOI	Malevolent Whispers		1	0	bulk
ENG	ORI	Firefiend Elemental		1	0	bulk
ENG	DTK	Atarka Efreet		1	0	bulk
ENG	XLN	Thrash of Raptors		1	0	bulk
ENG	XLN	Swashbuckling		1	0	bulk
ENG	RNA	Spear Spewer		1	0	bulk
ENG	XLN	Hijack		1	0	bulk
ENG	BFZ	Lavastep Raider		2	0	bulk
ENG	FRF	Lightning Shrieker		2	0	bulk
ENG	EMN	Make Mischief		1	0	bulk
ENG	ORI	Demolish		2	0	bulk
ENG	ROE	Lust for War		1	0	bulk
ENG	CN2	Hurly-Burly		2	0	bulk
ENG	ORI	Lightning Javelin		2	0	bulk
ENG	HOU	Khenra Scrapper		1	0	bulk
ENG	CN2	Trumpet Blast		1	0	bulk
ENG	CN2	Flame Slash		1	0	bulk
ENG	DDI	Plated Geopede		1	0	bulk
ENG	NPH	Fallen Ferromancer		1	0	bulk
ENG	BFZ	Outnumber		1	0	bulk
ENG	AVR	Uncanny Speed		1	0	bulk
ENG	SOI	Hulking Devil		1	0	bulk
ENG	EMN	Falkenrath Reaver		1	0	bulk
ENG	M11	Earth Servant		1	0	bulk
ENG	MM2	Spitebellows		1	0	bulk
ENG	NPH	Ruthless Invasion		1	0	bulk
ENG	KTK	Goblinslide		1	0	bulk
ENG	FRF	Collateral Damage		1	0	bulk
ENG	WWK	Tuktuk Scrapper		1	0	bulk
ENG	M13	Searing Spear		1	0	bulk
ENG	M15	Paragon of Fierce Defiance		1	0	bulk
ENG	SOK	Oni of Wild Places		1	0	bulk
ENG	M13	Dragon Hatchling		1	0	bulk
ENG	FRF	Mardu Scout		1	0	bulk
ENG	FRF	Smoldering Efreet		2	0	bulk
ENG	JMP	Ornery Goblin		1	0	bulk
ENG	GRN	Fire Urchin		1	0	bulk
ENG	JOU	Rouse the Mob		1	0	bulk
ENG	BNG	Bolt of Keranos		1	0	bulk
ENG	M13	Wild Guess		1	0	bulk
ENG	CHK	Akki Rockspeaker		1	0	bulk
ENG	AKH	Magma Spray		1	0	bulk
ENG	AKH	Violent Impact		1	0	bulk
ENG	M13	Krenko's Command		1	0	bulk
ENG	KTK	Bring Low		1	0	bulk
ENG	GTC	Massive Raid		1	0	bulk
ENG	GN2	Sparktongue Dragon		1	0	bulk
ENG	OGW	Consuming Sinkhole		1	0	bulk
ENG	OGW	Reality Hemorrhage		1	0	bulk
ENG	DDK	Ashmouth Hound		1	0	bulk
ENG	UMA	Akroan Crusader		1	0	bulk
ENG	HOU	Puncturing Blow		1	0	bulk
ENG	HOU	Crash Through		1	0	bulk
ENG	WAR	Jaya's Greeting		1	0	bulk
ENG	FRF	Bathe in Dragonfire		1	0	bulk
ENG	FRF	Defiant Ogre		2	0	bulk
ENG	TSP	Rift Bolt		1	0	bulk
ENG	RNA	Scorchmark		1	0	bulk
ENG	RNA	Rubble Reading		1	0	bulk
ENG	M19	Hostile Minotaur		1	0	bulk
ENG	MBS	Into the Core		1	0	bulk
ENG	VIS	Hearth Charm		1	0	bulk
ENG	ALA	Skeletonize		1	0	bulk
ENG	DGM	Clear a Path		1	0	bulk
ENG	ULG	Parch		1	0	bulk
ENG	DD2	Incinerate		1	0	bulk
ENG	C13	Fissure Vent		1	0	bulk
ENG	ISD	Geistflame		1	0	bulk
ENG	BFZ	Rolling Thunder		1	0	bulk
ENG	BFZ	Molten Nursery		1	0	bulk
ENG	A25	Cinder Storm		1	0	bulk
ENG	AKH	Deem Worthy		1	0	bulk
ENG	AKH	Trial of Zeal		1	0	bulk
ENG	MIR	Chaos Charm		1	0	bulk
ENG	BNG	Scouring Sands		2	0	bulk
ENG	A25	Pillage		1	0	bulk
ENG	ORI	Dragon Fodder		1	0	bulk
ENG	HOU	Fervent Paincaster		1	0	bulk
ENG	HOU	Chandra's Defeat		1	0	bulk
ENG	MBS	Koth's Courier		1	0	bulk
ENG	M13	Rummaging Goblin		1	0	bulk
ENG	M19	Viashino Pyromancer		1	0	bulk
ENG	SCG	Carbonize		1	0	bulk
ENG	M12	Combust		1	0	bulk
ENG	DTK	Magmatic Chasm		1	0	bulk
ENG	ORI	Infectious Bloodlust		2	0	bulk
ENG	DTK	Kolaghan Aspirant		1	0	bulk
ENG	EMA	Keldon Marauders		1	0	bulk
ENG	AER	Frontline Rebel		2	0	bulk
ENG	AKH	Pathmaker Initiate		1	0	bulk
ENG	M21	Onakke Ogre		1	0	bulk
ENG	M13	Fire Elemental		1	0	bulk
ENG	MM2	Soulbright Flamekin		1	0	bulk
ENG	MM2	Bloodshot Trainee		1	0	bulk
ENG	GTC	Ember Beast		1	0	bulk
ENG	KLD	Built to Smash		1	0	bulk
ENG	PC2	Mark of Mutiny		1	0	bulk
ENG	CNS	Wrap in Flames		1	0	bulk
ENG	EMN	Savage Alliance		1	0	bulk
ENG	AVR	Aggravate		1	0	bulk
ENG	JMP	Collateral Damage		1	0	bulk
ENG	ORI	Dragon Fodder		1	0	bulk
ENG	DGM	Punish the Enemy		1	0	bulk
ENG	FRF	Mardu Runemark		1	0	bulk
ENG	CMR	Temur Battle Rage		1	0	bulk
ENG	A25	Hordeling Outburst		1	0	bulk
ENG	RIX	Pirate's Pillage		1	0	bulk
ENG	JOU	Flamespeaker's Will		1	0	bulk
ENG	WAR	Invading Manticore		1	0	bulk
ENG	WAR	Demolish		1	0	bulk
ENG	OGW	Akoum Flameseeker		1	0	bulk
ENG	ORI	Akroan Sergeant		1	0	bulk
ENG	AER	Precise Strike		1	0	bulk
ENG	JMP	Draconic Roar		1	0	bulk
ENG	DTK	Volcanic Rush		1	0	bulk
ENG	GTC	Bomber Corps		1	0	bulk
ENG	EMA	Borderland Marauder		1	0	bulk
ENG	BFZ	Boiling Earth		1	0	bulk
ENG	XLN	Rummaging Goblin		1	0	bulk
ENG	MM3	Rubblebelt Maaka		1	0	bulk
ENG	HOU	Thorned Moloch		1	0	bulk
ENG	ZEN	Spire Barrage		1	0	bulk
ENG	M20	Captivating Gyre		1	0	bulk
ENG	IMA	Diminish		1	0	bulk
ENG	8ED	Dehydration		2	0	bulk
ENG	8ED	Inspiration		1	0	bulk
ENG	EMA	Cephalid Sage		1	0	bulk
ENG	ISD	Sensory Deprivation		1	0	bulk
ENG	UDS	Metathran Elite		1	0	bulk
ENG	INV	Tidal Visionary		1	0	bulk
ENG	OGW	Cultivator Drone		1	0	bulk
ENG	OGW	Gravity Negator		1	0	bulk
ENG	M12	Ice Cage		1	0	bulk
ENG	M12	Merfolk Mesmerist		1	0	bulk
ENG	IMA	Elusive Spellfist		1	0	bulk
ENG	ORI	Separatist Voidmage		1	0	bulk
ENG	M15	Fugitive Wizard		1	0	bulk
ENG	M15	Statute of Denial		1	0	bulk
ENG	XLN	Pirate's Prize		1	0	bulk
ENG	XLN	Dive Down		1	0	bulk
ENG	GRN	Selective Snare		1	0	bulk
ENG	DOM	Sentinel of the Pearl Trident		2	0	bulk
ENG	XLN	Tempest Caller		1	0	bulk
ENG	DTK	Elusive Spellfist		1	0	bulk
ENG	BNG	Divination		1	0	bulk
ENG	KTK	Glacial Stalker		2	0	bulk
ENG	RTR	Tower Drake		1	0	bulk
ENG	KLD	Vedalken Blademaster		1	0	bulk
ENG	3ED	Spell Blast		1	0	bulk
ENG	DDJ	Steamcore Weird		1	0	bulk
ENG	CNS	Compulsive Research		1	0	bulk
ENG	M11	Armored Cancrix		1	0	bulk
ENG	M19	Horizon Scholar		1	0	bulk
ENG	DOM	Academy Drake		2	0	bulk
ENG	DOM	Cold-Water Snapper		1	0	bulk
ENG	RTR	Voidwielder		1	0	bulk
ENG	ORI	Watercourser		1	0	bulk
ENG	DDM	Crosstown Courier		1	0	bulk
ENG	RAV	Grayscaled Gharial		1	0	bulk
ENG	GPT	Train of Thought		1	0	bulk
ENG	THS	Crackling Triton		1	0	bulk
ENG	DGM	Hidden Strings		1	0	bulk
ENG	DKA	Thought Scour		1	0	bulk
ENG	ROE	Merfolk Observer		1	0	bulk
ENG	BNG	Sudden Storm		1	0	bulk
ENG	RTR	Inspiration		1	0	bulk
ENG	THS	Fate Foretold		1	0	bulk
ENG	M15	Encrust		1	0	bulk
ENG	M19	Salvager of Secrets		1	0	bulk
ENG	KLD	Select for Inspection		1	0	bulk
ENG	RTR	Isperia's Skywatch		1	0	bulk
ENG	RTR	Crosstown Courier		1	0	bulk
ENG	2XM	Metallic Rebuke		2	0	bulk
ENG	AER	Bastion Inventor		1	0	bulk
ENG	DOM	Sage of Lat-Nam		1	0	bulk
ENG	2XM	Sentinel of the Pearl Trident		1	0	bulk
ENG	WAR	Bond of Insight		1	0	bulk
ENG	WAR	Jace's Triumph		1	0	bulk
ENG	GRN	Leapfrog		4	0	bulk
ENG	M19	Bone to Ash		1	0	bulk
ENG	8ED	Catalog		1	0	bulk
ENG	RNA	Windstorm Drake		1	0	bulk
ENG	GRN	Radical Idea		2	0	bulk
ENG	GRN	Unexplained Disappearance		1	0	bulk
ENG	M20	Phantom Warrior		1	0	bulk
ENG	M20	Befuddle		2	0	bulk
ENG	BBD	Impulse		1	0	bulk
ENG	ISD	Think Twice		1	0	bulk
ENG	GRN	Passwall Adept		2	0	bulk
ENG	DOM	Befuddle		1	0	bulk
ENG	M20	Sage's Row Denizen		1	0	bulk
ENG	M20	Fortress Crab		1	0	bulk
ENG	M20	Bone to Ash		1	0	bulk
ENG	GRN	Wishcoin Crab		2	0	bulk
ENG	GRN	Devious Cover-Up		1	0	bulk
ENG	WAR	Wall of Runes		1	0	bulk
ENG	WAR	Spellkeeper Weird		1	0	bulk
ENG	M19	Frilled Sea Serpent		2	0	bulk
ENG	FRF	Rakshasa's Disdain		4	0	bulk
ENG	IMA	Frost Lynx		3	0	bulk
ENG	FRF	Write into Being		1	0	bulk
ENG	M20	Octoprophet		2	0	bulk
ENG	GRN	Capture Sphere		1	0	bulk
ENG	SOM	Neurok Invisimancer		2	0	bulk
ENG	SOM	Plated Seastrider		1	0	bulk
ENG	WAR	Erratic Visionary		2	0	bulk
ENG	WAR	Kiora's Dambreaker		2	0	bulk
ENG	WAR	Contentious Plan		1	0	bulk
ENG	GRN	Muse Drake		2	0	bulk
ENG	RNA	Slimebind		1	0	bulk
ENG	WAR	No Escape		2	0	bulk
ENG	WAR	Crush Dissent		1	0	bulk
ENG	M19	Anticipate		1	0	bulk
ENG	M20	Boreal Elemental		2	0	bulk
ENG	AVR	Rotcrown Ghoul		1	0	bulk
ENG	AVR	Scrapskin Drake		1	0	bulk
ENG	DOM	Academy Journeymage		2	0	bulk
ENG	JMP	Storm Sculptor		1	0	bulk
ENG	UMA	Sultai Skullkeeper		1	0	bulk
ENG	BFZ	Coastal Discovery		1	0	bulk
ENG	BFZ	Rush of Ice		1	0	bulk
ENG	C15	Mystic Retrieval		1	0	bulk
ENG	RTR	Paralyzing Grasp		1	0	bulk
ENG	THS	Omenspeaker		1	0	bulk
ENG	THS	Triton Shorethief		1	0	bulk
ENG	RTR	Inaction Injunction		1	0	bulk
ENG	M12	Frost Breath		1	0	bulk
ENG	DDM	Thought Scour		1	0	bulk
ENG	AVR	Havengul Skaab		1	0	bulk
ENG	THS	Lost in a Labyrinth		1	0	bulk
ENG	THS	Voyage's End		1	0	bulk
ENG	SOM	Vault Skyward		1	0	bulk
ENG	HML	Sea Troll		1	0	bulk
ENG	M11	Azure Drake		1	0	bulk
ENG	M19	Cancel		1	0	bulk
ENG	CN2	Into the Void		1	0	bulk
ENG	SOM	Riddlesmith		1	0	bulk
ENG	AER	Bastion Inventor		1	0	bulk
ENG	SOI	Stitchwing Skaab		1	0	bulk
ENG	M12	Azure Mage		1	0	bulk
ENG	ORI	Bone to Ash		3	0	bulk
ENG	RNA	Coral Commando		1	0	bulk
ENG	M19	Snapping Drake		1	0	bulk
ENG	W17	Sleep Paralysis		1	0	bulk
ENG	A25	Fathom Seer		1	0	bulk
ENG	GTC	Sage's Row Denizen		1	0	bulk
ENG	ISD	Fortress Crab		1	0	bulk
ENG	SOM	Disperse		1	0	bulk
ENG	RNA	Shimmer of Possibility		2	0	bulk
ENG	C17	Merchant of Secrets		1	0	bulk
ENG	M20	Zephyr Charge		1	0	bulk
ENG	WAR	Naga Eternal		2	0	bulk
ENG	WAR	Ashiok's Skulker		1	0	bulk
ENG	WAR	Teferi's Time Twist		1	0	bulk
ENG	BFZ	Anticipate		1	0	bulk
ENG	AKH	Angler Drake		1	0	bulk
ENG	DOM	Divination		1	0	bulk
ENG	DDQ	Pore Over the Pages		1	0	bulk
ENG	FRF	Refocus		1	0	bulk
ENG	ORI	Faerie Miscreant		1	0	bulk
ENG	ORI	Nivix Barrier		1	0	bulk
ENG	RTR	Mizzium Skin		1	0	bulk
ENG	CN2	Bonds of Quicksilver		1	0	bulk
ENG	TSP	Bewilder		1	0	bulk
ENG	KLD	Tezzeret's Ambition		1	0	bulk
ENG	THS	Thassa's Emissary		1	0	bulk
ENG	SOI	Jace's Scrutiny		1	0	bulk
ENG	RIX	River Darter		1	0	bulk
ENG	M10	Coral Merfolk		1	0	bulk
ENG	KLD	Curio Vendor		1	0	bulk
ENG	SCG	Coast Watcher		1	0	bulk
ENG	TOR	Aquamoeba		1	0	bulk
ENG	EMN	Chilling Grasp		1	0	bulk
ENG	GRN	Watcher in the Mist		2	0	bulk
