ENG	ANB	Inspiring Commander		2	0	arena
ENG	ANB	Leonin Warleader		2	0	arena
ENG	ANB	Hallowed Priest		4	0	arena
ENG	ANB	Plains		1	0	arena
ENG	ANB	Knight's Pledge		3	0	arena
ENG	ANB	Shrine Keeper		4	0	arena
ENG	ANB	Sanctuary Cat		2	0	arena
ENG	ANB	Angelic Reward		1	0	arena
ENG	ANB	Pacifism		3	0	arena
ENG	ANB	Confront the Assault		1	0	arena
ENG	ANB	Charmed Stray		4	0	arena
ENG	ANB	Impassioned Orator		3	0	arena
ENG	ANB	Moorland Inquisitor		2	0	arena
ENG	ANB	Fencing Ace		2	0	arena
ENG	ANB	Angel of Vitality		2	0	arena
ENG	ANB	Serra Angel		1	0	arena
ENG	ANB	Spiritual Guardian		1	0	arena
ENG	ANB	Tactical Advantage		4	0	arena
ENG	ANB	Riddlemaster Sphinx		2	0	arena
ENG	ANB	Soulblade Djinn		2	0	arena
ENG	ANB	Warden of Evos Isle		3	0	arena
ENG	ANB	Wall of Runes		2	0	arena
ENG	ANB	Sworn Guardian		2	0	arena
ENG	ANB	Waterkin Shaman		3	0	arena
ENG	ANB	Cloudkin Seer		3	0	arena
ENG	ANB	Octoprophet		2	0	arena
ENG	ANB	Windstorm Drake		2	0	arena
ENG	ANB	Unsummon		3	0	arena
ENG	ANB	Glint		2	0	arena
ENG	ANB	Winged Words		2	0	arena
ENG	ANB	Waterknot		3	0	arena
ENG	ANB	Sleep		1	0	arena
ENG	ANB	Zephyr Gull		4	0	arena
ENG	ANB	Armored Whirl Turtle		3	0	arena
ENG	ANB	River's Favor		2	0	arena
ENG	ANB	Island		1	0	arena
ENG	ANB	Demon of Loathing		2	0	arena
ENG	ANB	Mardu Outrider		2	0	arena
ENG	ANB	Malakir Cullblade		3	0	arena
ENG	ANB	Sanitarium Skeleton		2	0	arena
ENG	ANB	Typhoid Rats		2	0	arena
ENG	ANB	Vampire Opportunist		2	0	arena
ENG	ANB	Savage Gorger		3	0	arena
ENG	ANB	Skeleton Archer		2	0	arena
ENG	ANB	Sengir Vampire		2	0	arena
ENG	ANB	Compound Fracture		4	0	arena
ENG	ANB	Unlikely Aid		3	0	arena
ENG	ANB	Murder		3	0	arena
ENG	ANB	Cruel Cut		1	0	arena
ENG	ANB	Krovikan Scoundrel		2	0	arena
ENG	ANB	Scathe Zombies		4	0	arena
ENG	ANB	Raise Dead		3	0	arena
ENG	ANB	Swamp		1	0	arena
ENG	ANB	Ogre Battledriver		2	0	arena
ENG	ANB	Siege Dragon		2	0	arena
ENG	ANB	Raid Bombardment		2	0	arena
ENG	ANB	Goblin Gang Leader		2	0	arena
ENG	ANB	Goblin Gathering		4	0	arena
ENG	ANB	Tin Street Cadet		3	0	arena
ENG	ANB	Goblin Tunneler		2	0	arena
ENG	ANB	Nest Robber		4	0	arena
ENG	ANB	Molten Ravager		2	0	arena
ENG	ANB	Shock		3	0	arena
ENG	ANB	Storm Strike		2	0	arena
ENG	ANB	Burn Bright		2	0	arena
ENG	ANB	Inescapable Blaze		2	0	arena
ENG	ANB	Raging Goblin		2	0	arena
ENG	ANB	Hurloon Minotaur		4	0	arena
ENG	ANB	Reduce to Ashes		3	0	arena
ENG	ANB	Mountain		1	0	arena
ENG	ANB	Rampaging Brontodon		2	0	arena
ENG	ANB	Gigantosaurus		2	0	arena
ENG	ANB	Ilysian Caryatid		4	0	arena
ENG	ANB	Baloth Packhunter		4	0	arena
ENG	ANB	Stony Strength		2	0	arena
ENG	ANB	Sentinel Spider		2	0	arena
ENG	ANB	Affectionate Indrik		2	0	arena
ENG	ANB	Jungle Delver		3	0	arena
ENG	ANB	Rabid Bite		3	0	arena
ENG	ANB	Colossal Majesty		2	0	arena
ENG	ANB	Wildwood Patrol		2	0	arena
ENG	ANB	Prized Unicorn		1	0	arena
ENG	ANB	Rumbling Baloth		2	0	arena
ENG	ANB	Woodland Mystic		2	0	arena
ENG	ANB	Treetop Warden		4	0	arena
ENG	ANB	Generous Stray		3	0	arena
ENG	ANB	Feral Roar		2	0	arena
ENG	ANB	Forest		1	0	arena
ENG	M21	Tranquil Cove		4	0	arena
ENG	M21	Scoured Barrens		4	0	arena
ENG	M21	Dismal Backwater		4	0	arena
ENG	M21	Swiftwater Cliffs		4	0	arena
ENG	M21	Bloodfell Caves		4	0	arena
ENG	M21	Jungle Hollow		4	0	arena
ENG	M21	Rugged Highlands		4	0	arena
ENG	M21	Wind-Scarred Crag		4	0	arena
ENG	M21	Blossoming Sands		4	0	arena
ENG	M21	Thornwood Falls		4	0	arena
ENG	M20	Evolving Wilds		4	0	arena
ENG	ELD	Plains		1	0	arena
ENG	ELD	Plains		1	0	arena
ENG	ELD	Plains		1	0	arena
ENG	ELD	Plains		1	0	arena
ENG	ELD	Island		1	0	arena
ENG	ELD	Island		1	0	arena
ENG	ELD	Island		1	0	arena
ENG	ELD	Island		1	0	arena
ENG	ELD	Swamp		1	0	arena
ENG	ELD	Swamp		1	0	arena
ENG	ELD	Swamp		1	0	arena
ENG	ELD	Swamp		1	0	arena
ENG	ELD	Mountain		1	0	arena
ENG	ELD	Mountain		1	0	arena
ENG	ELD	Mountain		1	0	arena
ENG	ELD	Mountain		1	0	arena
ENG	ELD	Forest		1	0	arena
ENG	ELD	Forest		1	0	arena
ENG	ELD	Forest		1	0	arena
ENG	ELD	Forest		1	0	arena
ENG	IKO	Plains		1	0	arena
ENG	IKO	Plains		1	0	arena
ENG	IKO	Plains		1	0	arena
ENG	IKO	Island		1	0	arena
ENG	IKO	Island		1	0	arena
ENG	IKO	Island		1	0	arena
ENG	IKO	Swamp		1	0	arena
ENG	IKO	Swamp		1	0	arena
ENG	IKO	Swamp		1	0	arena
ENG	IKO	Mountain		1	0	arena
ENG	IKO	Mountain		1	0	arena
ENG	IKO	Mountain		1	0	arena
ENG	IKO	Forest		1	0	arena
ENG	IKO	Forest		1	0	arena
ENG	IKO	Forest		1	0	arena
ENG	M21	Plains		1	0	arena
ENG	M21	Plains		1	0	arena
ENG	M21	Plains		1	0	arena
ENG	M21	Island		1	0	arena
ENG	M21	Island		1	0	arena
ENG	M21	Island		1	0	arena
ENG	M21	Swamp		1	0	arena
ENG	M21	Swamp		1	0	arena
ENG	M21	Swamp		1	0	arena
ENG	M21	Mountain		1	0	arena
ENG	M21	Mountain		1	0	arena
ENG	M21	Mountain		1	0	arena
ENG	M21	Forest		1	0	arena
ENG	M21	Forest		1	0	arena
ENG	M21	Forest		1	0	arena
ENG	THB	Plains		1	0	arena
ENG	THB	Plains		1	0	arena
ENG	THB	Island		1	0	arena
ENG	THB	Island		1	0	arena
ENG	THB	Swamp		1	0	arena
ENG	THB	Swamp		1	0	arena
ENG	THB	Mountain		1	0	arena
ENG	THB	Mountain		1	0	arena
ENG	THB	Forest		1	0	arena
ENG	THB	Forest		1	0	arena
ENG	ZNR	Plains		1	0	arena
ENG	ZNR	Island		1	0	arena
ENG	ZNR	Swamp		1	0	arena
ENG	ZNR	Mountain		1	0	arena
ENG	ZNR	Forest		1	0	arena
ENG	KLR	Forest		1	0	arena
ENG	KLR	Forest		1	0	arena
ENG	KLR	Forest		1	0	arena
ENG	KLR	Island		1	0	arena
ENG	KLR	Island		1	0	arena
ENG	KLR	Island		1	0	arena
ENG	KLR	Mountain		1	0	arena
ENG	KLR	Mountain		1	0	arena
ENG	KLR	Mountain		1	0	arena
ENG	KLR	Plains		1	0	arena
ENG	KLR	Plains		1	0	arena
ENG	KLR	Plains		1	0	arena
ENG	KLR	Swamp		1	0	arena
ENG	KLR	Swamp		1	0	arena
ENG	KLR	Swamp		1	0	arena
ENG	M20	Drakuseth, Maw of Flames		1	0	arena
ENG	M20	Shivan Dragon		1	0	arena
ENG	M20	Immortal Phoenix		1	0	arena
ENG	M20	Glint-Horn Buccaneer		1	0	arena
ENG	M20	Leyline of Combustion		1	0	arena
ENG	M20	Act of Treason		2	0	arena
ENG	M20	Daggersail Aeronaut		2	0	arena
ENG	M20	Engulfing Eruption		3	0	arena
ENG	M20	Fearless Halberdier		3	0	arena
ENG	M20	Fire Elemental		1	0	arena
ENG	M20	Goblin Assailant		4	0	arena
ENG	M20	Goblin Smuggler		2	0	arena
ENG	GRN	Hellkite Whelp		2	0	arena
ENG	M20	Hostile Minotaur		2	0	arena
ENG	M20	Infuriate		2	0	arena
ENG	M20	Nimble Birdsticker		2	0	arena
ENG	M20	Shock		2	0	arena
ENG	GRN	Sure Strike		2	0	arena
ENG	M20	Tectonic Rift		1	0	arena
ENG	M20	Sephara, Sky's Blade		1	0	arena
ENG	M20	Loxodon Lifechanter		1	0	arena
ENG	M20	Serra's Guardian		1	0	arena
ENG	M20	Angelic Guardian		1	0	arena
ENG	GRN	Citywide Bust		1	0	arena
ENG	M20	Bastion Enforcer		3	0	arena
ENG	WAR	Bond of Discipline		2	0	arena
ENG	M20	Concordia Pegasus		2	0	arena
ENG	M20	Dawning Angel		2	0	arena
ENG	M20	Haazda Officer		3	0	arena
ENG	M20	Imperial Outrider		1	0	arena
ENG	M20	Inspired Charge		1	0	arena
ENG	GRN	Inspiring Unicorn		2	0	arena
ENG	GRN	Intrusive Packbeast		1	0	arena
ENG	M20	Prowling Caracal		2	0	arena
ENG	GRN	Righteous Blow		2	0	arena
ENG	M20	Show of Valor		3	0	arena
ENG	M20	Take Vengeance		3	0	arena
ENG	M20	Trusted Pegasus		2	0	arena
ENG	THB	Demon of Loathing		2	0	arena
ENG	M21	Demonic Embrace		2	0	arena
ENG	M21	Peer into the Abyss		1	0	arena
ENG	THB	Underworld Sentinel		2	0	arena
ENG	M21	Blood Glutton		2	0	arena
ENG	M21	Fetid Imp		3	0	arena
ENG	M21	Finishing Blow		4	0	arena
ENG	IKO	Gloom Pangolin		3	0	arena
ENG	M21	Goremand		3	0	arena
ENG	M21	Grasp of Darkness		3	0	arena
ENG	ELD	Lost Legion		3	0	arena
ENG	IKO	Serrated Scorpion		4	0	arena
ENG	M21	Skeleton Archer		2	0	arena
ENG	IKO	Unlikely Aid		3	0	arena
ENG	M21	Walking Corpse		4	0	arena
ENG	THB	Ironscale Hydra		3	0	arena
ENG	IKO	Colossification		1	0	arena
ENG	THB	Treeshaker Chimera		2	0	arena
ENG	ELD	Yorvo, Lord of Garenbrig		1	0	arena
ENG	IKO	Almighty Brushwagg		4	0	arena
ENG	IKO	Bristling Boar		4	0	arena
ENG	M21	Colossal Dreadmaw		4	0	arena
ENG	IKO	Honey Mammoth		2	0	arena
ENG	IKO	Humble Naturalist		2	0	arena
ENG	THB	Hyrax Tower Scout		3	0	arena
ENG	M21	Llanowar Visionary		4	0	arena
ENG	THB	Plummet		2	0	arena
ENG	IKO	Ram Through		4	0	arena
ENG	M21	Snarespinner		2	0	arena
ENG	M21	Titanic Growth		4	0	arena
ENG	KLR	Propeller Pioneer		1	0	arena
ENG	KLR	Salivating Gremlins		1	0	arena
ENG	KLR	Subtle Strike		1	0	arena
ENG	KLR	Commencement of Festivities		1	0	arena
ENG	KLR	Sweatworks Brawler		1	0	arena
ENG	KLR	Shrewd Negotiation		1	0	arena
ENG	KLR	Gifted Aetherborn		1	0	arena
ENG	KLR	Concealed Courtyard		1	0	arena
ENG	ZNR	Smite the Monstrous		2	0	arena
ENG	ZNR	Blood Price		2	0	arena
ENG	ZNR	Negate		2	0	arena
ENG	ZNR	Strength of Solidarity		2	0	arena
ENG	ZNR	Guul Draz Mucklord		3	0	arena
ENG	ZNR	Lithoform Blight		1	0	arena
ENG	ZNR	Merfolk Windrobber		1	0	arena
ENG	ZNR	Squad Commander		1	0	arena
ENG	ZNR	Zulaport Duelist		1	0	arena
ENG	ZNR	Turntimber Ascetic		2	0	arena
ENG	ZNR	Disenchant		2	0	arena
ENG	ZNR	Tormenting Voice		2	0	arena
ENG	ZNR	Song-Mad Treachery		2	0	arena
ENG	ZNR	Vastwood Fortification		2	0	arena
ENG	ZNR	Coralhelm Chronicler		1	0	arena
ENG	ZNR	Mind Drain		1	0	arena
ENG	ZNR	Deliberate		1	0	arena
ENG	ZNR	Risen Riptide		3	0	arena
ENG	ZNR	Expedition Diviner		3	0	arena
ENG	ZNR	Khalni Ambush		1	0	arena
ENG	ZNR	Allied Assault		1	0	arena
ENG	ZNR	Zagras, Thief of Heartbeats		1	0	arena
ENG	ZNR	Island		1	0	arena
ENG	ZNR	Swamp		1	0	arena
ENG	ZNR	Island		1	0	arena
ENG	XLN	Opt		1	0	arena
ENG	M19	Revitalize		1	0	arena
ENG	DOM	Deathbloom Thallid		1	0	arena
ENG	RIX	Fanatical Firebrand		1	0	arena
ENG	M19	Druid of the Cowl		1	0	arena
ENG	ZNR	Shell Shield		1	0	arena
ENG	ZNR	Fissure Wizard		1	0	arena
ENG	ZNR	Cunning Geysermage		2	0	arena
ENG	ZNR	Spitfire Lagac		1	0	arena
ENG	ZNR	Relic Axe		1	0	arena
ENG	ZNR	Skyclave Apparition		1	0	arena
ENG	M21	Life Goes On		3	0	arena
ENG	M21	Furor of the Bitten		2	0	arena
ENG	M21	Gale Swooper		1	0	arena
ENG	M21	Concordia Pegasus		1	0	arena
ENG	M21	Rookie Mistake		4	0	arena
ENG	M21	Experimental Overload		4	0	arena
ENG	M21	Shipwreck Dowser		1	0	arena
ENG	M21	Terror of the Peaks		2	0	arena
ENG	M21	Spined Megalodon		1	0	arena
ENG	M21	Wishcoin Crab		1	0	arena
ENG	M21	Rambunctious Mutt		1	0	arena
ENG	M21	Witch's Cauldron		1	0	arena
ENG	M21	Cultivate		3	0	arena
ENG	M21	Solemn Simulacrum		1	0	arena
ENG	M21	Roaming Ghostlight		1	0	arena
ENG	M21	Goblin Wizardry		3	0	arena
ENG	M21	Silent Dart		2	0	arena
ENG	M21	Setessan Training		2	0	arena
ENG	M21	Jeskai Elder		1	0	arena
ENG	M21	Carrion Grub		1	0	arena
ENG	M21	Basri's Lieutenant		2	0	arena
ENG	M20	Sleep Paralysis		1	0	arena
ENG	M20	Ferocious Pup		1	0	arena
ENG	M20	Barony Vampire		1	0	arena
ENG	M20	Keldon Raider		2	0	arena
ENG	M20	Griffin Protector		1	0	arena
ENG	M20	Yarok's Wavecrasher		1	0	arena
ENG	M20	Gravedigger		1	0	arena
ENG	M20	Chandra's Regulator		1	0	arena
ENG	M20	Moorland Inquisitor		1	0	arena
ENG	M20	Pacifism		1	0	arena
ENG	M20	Bladebrand		1	0	arena
ENG	M20	Blood Burglar		1	0	arena
ENG	M20	Diviner's Lockbox		1	0	arena
ENG	M20	Eternal Isolation		1	0	arena
ENG	M20	Legion's End		1	0	arena
ENG	M20	Marauder's Axe		1	0	arena
ENG	M20	Cloudkin Seer		1	0	arena
ENG	M20	Duress		1	0	arena
ENG	M20	Sedge Scorpion		1	0	arena
ENG	M20	Scampering Scorcher		1	0	arena
ENG	M20	Chandra, Acolyte of Flame		1	0	arena
ENG	GRN	Loxodon Restorer		1	0	arena
ENG	GRN	Vigorspore Wurm		1	0	arena
ENG	GRN	Urban Utopia		1	0	arena
ENG	GRN	Severed Strands		1	0	arena
ENG	GRN	Golgari Raiders		1	0	arena
ENG	GRN	Price of Fame		1	0	arena
ENG	GRN	Connive // Concoct		1	0	arena
ENG	GRN	Sonic Assault		1	0	arena
ENG	GRN	Fresh-Faced Recruit		1	0	arena
ENG	GRN	Izzet Locket		1	0	arena
ENG	GRN	Leapfrog		1	0	arena
ENG	GRN	Garrison Sergeant		1	0	arena
ENG	GRN	Conclave Tribunal		1	0	arena
ENG	GRN	Wand of Vertebrae		1	0	arena
ENG	GRN	Mission Briefing		1	0	arena
ENG	GRN	Wall of Mist		1	0	arena
ENG	GRN	Goblin Electromancer		1	0	arena
ENG	GRN	Passwall Adept		1	0	arena
ENG	GRN	Wild Ceratok		1	0	arena
ENG	GRN	Artful Takedown		1	0	arena
ENG	GRN	Citywatch Sphinx		1	0	arena
ENG	GRN	Chemister's Insight		1	0	arena
ENG	GRN	Izoni, Thousand-Eyed		1	0	arena
ENG	RNA	Azorius Locket		2	0	arena
ENG	RNA	Storm Strike		1	0	arena
ENG	RNA	Steeple Creeper		1	0	arena
ENG	RNA	Noxious Groodion		1	0	arena
ENG	RNA	Prowling Caracal		1	0	arena
ENG	RNA	Cavalcade of Calamity		1	0	arena
ENG	RNA	Essence Capture		1	0	arena
ENG	RNA	Repudiate // Replicate		1	0	arena
ENG	RNA	Scorchmark		1	0	arena
ENG	RNA	Territorial Boar		2	0	arena
ENG	RNA	Prying Eyes		1	0	arena
ENG	RNA	Arrester's Admonition		1	0	arena
ENG	RNA	Wilderness Reclamation		1	0	arena
ENG	RNA	Ravager Wurm		1	0	arena
ENG	RNA	Ghor-Clan Wrecker		1	0	arena
ENG	RNA	Rubble Slinger		1	0	arena
ENG	RNA	Expose to Daylight		1	0	arena
ENG	RNA	Silhana Wayfinder		1	0	arena
ENG	RNA	Swirling Torrent		1	0	arena
ENG	RNA	Bedeck // Bedazzle		1	0	arena
ENG	WAR	Teyo's Lightshield		1	0	arena
ENG	WAR	Spark Reaper		1	0	arena
ENG	WAR	Demolish		1	0	arena
ENG	WAR	Centaur Nurturer		1	0	arena
ENG	WAR	Snarespinner		1	0	arena
ENG	WAR	Huatli's Raptor		1	0	arena
ENG	WAR	Vizier of the Scorpion		1	0	arena
ENG	WAR	Tamiyo, Collector of Tales		1	0	arena
ENG	WAR	Battlefield Promotion		1	0	arena
ENG	WAR	Chandra's Pyrohelix		1	0	arena
ENG	WAR	Enforcer Griffin		1	0	arena
ENG	WAR	Toll of the Invasion		1	0	arena
ENG	WAR	Shriekdiver		1	0	arena
ENG	WAR	Rescuer Sphinx		1	0	arena
ENG	WAR	Blast Zone		1	0	arena
ENG	WAR	Heartfire		1	0	arena
ENG	WAR	Band Together		1	0	arena
ENG	WAR	Spellgorger Weird		1	0	arena
ENG	WAR	Thundering Ceratok		1	0	arena
ENG	WAR	Totally Lost		1	0	arena
ENG	WAR	Angrath, Captain of Chaos		1	0	arena
ENG	WAR	Prison Realm		1	0	arena
ENG	WAR	Sorin, Vengeful Bloodlord		1	0	arena
ENG	ELD	Roving Keep		2	0	arena
ENG	ELD	Wildwood Tracker		1	0	arena
ENG	ELD	Thrill of Possibility		1	0	arena
ENG	ELD	Corridor Monitor		2	0	arena
ENG	ELD	Curious Pair		1	0	arena
ENG	ELD	Tournament Grounds		1	0	arena
ENG	ELD	Resolute Rider		4	0	arena
ENG	ELD	Harmonious Archon		1	0	arena
ENG	ELD	Knight of the Keep		2	0	arena
ENG	ELD	Sporecap Spider		2	0	arena
ENG	ELD	Rosethorn Halberd		1	0	arena
ENG	ELD	Spinning Wheel		1	0	arena
ENG	ELD	Syr Elenora, the Discerning		1	0	arena
ENG	ELD	Blacklance Paragon		1	0	arena
ENG	ELD	Rimrock Knight		4	0	arena
ENG	ELD	Maraleaf Rider		1	0	arena
ENG	ELD	Dwarven Mine		1	0	arena
ENG	ELD	Reaper of Night		1	0	arena
ENG	ELD	Forever Young		1	0	arena
ENG	ELD	Overwhelmed Apprentice		2	0	arena
ENG	ELD	Inquisitive Puppet		1	0	arena
ENG	ELD	Gadwick, the Wizened		1	0	arena
ENG	THB	Setessan Skirmisher		1	0	arena
ENG	THB	Glory Bearers		2	0	arena
ENG	THB	Thrill of Possibility		1	0	arena
ENG	THB	Underworld Charger		1	0	arena
ENG	THB	Voracious Typhon		1	0	arena
ENG	THB	Fateful End		1	0	arena
ENG	THB	Stinging Lionfish		4	0	arena
ENG	THB	Storm's Wrath		1	0	arena
ENG	THB	Flicker of Fate		2	0	arena
ENG	THB	Omen of the Dead		1	0	arena
ENG	THB	Sentinel's Eyes		1	0	arena
ENG	THB	Nexus Wardens		1	0	arena
ENG	THB	Daxos, Blessed by the Sun		3	0	arena
ENG	THB	Temple of Enlightenment		2	0	arena
ENG	THB	Incendiary Oracle		1	0	arena
ENG	THB	Pharika's Libation		1	0	arena
ENG	THB	Chain to Memory		2	0	arena
ENG	THB	Gift of Strength		1	0	arena
ENG	THB	Agonizing Remorse		1	0	arena
ENG	THB	Heroes of the Revel		1	0	arena
ENG	THB	Nadir Kraken		1	0	arena
ENG	IKO	Convolute		1	0	arena
ENG	IKO	Fertilid		2	0	arena
ENG	IKO	Coordinated Charge		1	0	arena
ENG	IKO	Whisper Squad		1	0	arena
ENG	IKO	Majestic Auricorn		1	0	arena
ENG	IKO	Fight as One		1	0	arena
ENG	IKO	Kinnan, Bonder Prodigy		1	0	arena
ENG	IKO	Mutual Destruction		1	0	arena
ENG	IKO	Prickly Marmoset		1	0	arena
ENG	IKO	Flycatcher Giraffid		1	0	arena
ENG	IKO	Essence Symbiote		1	0	arena
ENG	IKO	Porcuparrot		1	0	arena
ENG	IKO	Chittering Harvester		4	0	arena
ENG	IKO	Mythos of Brokkos		1	0	arena
ENG	IKO	Cavern Whisperer		2	0	arena
ENG	IKO	Pacifism		3	0	arena
ENG	IKO	Alert Heedbonder		2	0	arena
ENG	IKO	Indatha Crystal		1	0	arena
ENG	IKO	Yorion, Sky Nomad		1	0	arena
ENG	ZNR	Vanquish the Weak		3	0	arena
ENG	ZNR	Seafloor Stalker		1	0	arena
ENG	ZNR	Cliffhaven Kitesail		1	0	arena
ENG	ZNR	Grakmaw, Skyclave Ravager		1	0	arena
ENG	ANB	Nightmare		1	0	arena
ENG	ANB	Soulhunter Rakshasa		1	0	arena
ENG	ANB	Eternal Thirst		1	0	arena
ENG	ANB	Bad Deal		1	0	arena
ENG	ZNR	Subtle Strike		2	0	arena
ENG	ZNR	Nimana Skydancer		1	0	arena
ENG	ZNR	Expedition Skulker		2	0	arena
ENG	ZNR	Oblivion's Hunger		3	0	arena
ENG	ZNR	Beyeen Veil		1	0	arena
ENG	ZNR	Thwart the Grave		1	0	arena
ENG	ANB	Epic Proportions		1	0	arena
ENG	ANB	World Shaper		1	0	arena
ENG	ZNR	Tajuru Snarecaster		2	0	arena
ENG	ZNR	Ardent Electromancer		3	0	arena
ENG	ZNR	Farsight Adept		1	0	arena
ENG	ZNR	Makindi Ox		3	0	arena
ENG	ZNR	Bubble Snare		1	0	arena
ENG	ZNR	Kor Blademaster		1	0	arena
ENG	ANB	Bond of Discipline		1	0	arena
ENG	ANB	Goring Ceratops		1	0	arena
ENG	ANB	Angelic Guardian		1	0	arena
ENG	ANB	Immortal Phoenix		1	0	arena
ENG	ANB	Goblin Trashmaster		1	0	arena
ENG	ANB	Volcanic Dragon		1	0	arena
ENG	ANB	Windreader Sphinx		1	0	arena
ENG	ANB	Frilled Sea Serpent		1	0	arena
ENG	ANB	Overflowing Insight		1	0	arena
ENG	ZNR	Stonework Packbeast		2	0	arena
ENG	ZNR	Dreadwurm		1	0	arena
ENG	ZNR	Sea Gate Colossus		1	0	arena
ENG	ZNR	Cliffhaven Sell-Sword		2	0	arena
ENG	ZNR	Journey to Oblivion		2	0	arena
ENG	ZNR	Concerted Defense		1	0	arena
ENG	ZNR	Inscription of Abundance		1	0	arena
ENG	ELD	Return of the Wildspeaker		1	0	arena
ENG	THB	Temple of Abandon		1	0	arena
ENG	THB	Ilysian Caryatid		3	0	arena
ENG	THB	Nessian Hornbeetle		3	0	arena
ENG	THB	Dreamstalker Manticore		2	0	arena
ENG	THB	Warden of the Chained		3	0	arena
ENG	IKO	Hornbash Mentor		2	0	arena
ENG	M21	Leafkin Avenger		3	0	arena
ENG	ELD	Rampart Smasher		3	0	arena
ENG	ELD	Bonecrusher Giant		1	0	arena
ENG	THB	The First Iroan Games		1	0	arena
ENG	M21	Volcanic Salvo		1	0	arena
ENG	M21	Unleash Fury		4	0	arena
ENG	M21	Scorching Dragonfire		4	0	arena
ENG	M21	Radha, Heart of Keld		2	0	arena
ENG	ZNR	Sejiri Shelter		3	0	arena
ENG	THB	Cling to Dust		2	0	arena
ENG	ZNR	Roil Eruption		2	0	arena
ENG	ZNR	Rabid Bite		3	0	arena
ENG	ZNR	Ghastly Gloomhunter		2	0	arena
ENG	ZNR	Murasa Brute		1	0	arena
ENG	ZNR	Skyclave Plunder		2	0	arena
ENG	ZNR	Umara Wizard		1	0	arena
ENG	ZNR	Ashaya, Soul of the Wild		1	0	arena
ENG	THB	Kiora Bests the Sea God		1	0	arena
ENG	ELD	Banish into Fable		1	0	arena
ENG	THB	Eidolon of Philosophy		2	0	arena
ENG	ELD	Shambling Suit		2	0	arena
ENG	THB	Naiad of Hidden Coves		2	0	arena
ENG	ELD	Arcanist's Owl		3	0	arena
ENG	THB	Brine Giant		2	0	arena
ENG	THB	Archon of Sun's Grace		2	0	arena
ENG	ELD	Midnight Clock		1	0	arena
ENG	THB	The Birth of Meletis		4	0	arena
ENG	ELD	All That Glitters		2	0	arena
ENG	THB	Banishing Light		4	0	arena
ENG	THB	Thirst for Meaning		3	0	arena
ENG	THB	Karametra's Blessing		2	0	arena
ENG	IKO	Luminous Broodmoth		1	0	arena
ENG	M21	Capture Sphere		2	0	arena
ENG	THB	Elspeth Conquers Death		1	0	arena
ENG	THB	Kroxa, Titan of Death's Hunger		1	0	arena
ENG	M21	Liliana's Standard Bearer		2	0	arena
ENG	THB	Temple of Malice		1	0	arena
ENG	THB	Careless Celebrant		3	0	arena
ENG	THB	Slaughter-Priest of Mogis		3	0	arena
ENG	THB	Discordant Piper		3	0	arena
ENG	THB	Blood Aspirant		2	0	arena
ENG	M21	Dire Fleet Warmonger		3	0	arena
ENG	ELD	Elite Headhunter		1	0	arena
ENG	THB	Woe Strider		1	0	arena
ENG	THB	Tectonic Giant		1	0	arena
ENG	IKO	Forbidden Friendship		4	0	arena
ENG	THB	Infuriate		4	0	arena
ENG	IKO	Fire Prophecy		3	0	arena
ENG	IKO	Heartless Act		2	0	arena
ENG	THB	Eat to Extinction		1	0	arena
ENG	ELD	Piper of the Swarm		1	0	arena
ENG	M21	Village Rites		2	0	arena
ENG	M21	Alchemist's Gift		1	0	arena
ENG	ZNR	Pyroclastic Hellion		1	0	arena
ENG	ZNR	Sea Gate Banneret		2	0	arena
ENG	ZNR	Sizzling Barrage		2	0	arena
ENG	ZNR	Marauding Blight-Priest		2	0	arena
ENG	ZNR	Broken Wings		1	0	arena
ENG	ZNR	Brushfire Elemental		1	0	arena
ENG	ZNR	Acquisitions Expert		1	0	arena
ENG	ZNR	Riverglide Pathway		3	0	arena
ENG	IKO	Titanoth Rex		2	0	arena
ENG	ELD	Realm-Cloaked Giant		1	0	arena
ENG	ELD	Lovestruck Beast		1	0	arena
ENG	THB	Temple of Plenty		2	0	arena
ENG	ELD	Faerie Guidemother		3	0	arena
ENG	ELD	Edgewall Innkeeper		4	0	arena
ENG	ELD	Silverflame Squire		2	0	arena
ENG	ELD	Shepherd of the Flock		3	0	arena
ENG	ELD	Garenbrig Squire		3	0	arena
ENG	ELD	Wandermare		4	0	arena
ENG	ELD	Mysterious Pathlighter		2	0	arena
ENG	ELD	Ardenvale Tactician		4	0	arena
ENG	ELD	Oakhame Ranger		3	0	arena
ENG	ELD	Giant Killer		2	0	arena
ENG	THB	Victory's Envoy		1	0	arena
ENG	M21	Primal Might		1	0	arena
ENG	M21	Massacre Wurm		1	0	arena
ENG	IKO	Sea-Dasher Octopus		1	0	arena
ENG	THB	Temple of Deceit		1	0	arena
ENG	IKO	Mysterious Egg		4	0	arena
ENG	IKO	Boot Nipper		4	0	arena
ENG	IKO	Pollywog Symbiote		3	0	arena
ENG	IKO	Insatiable Hemophage		3	0	arena
ENG	IKO	Pouncing Shoreshark		2	0	arena
ENG	IKO	Dreamtail Heron		2	0	arena
ENG	IKO	Archipelagore		1	0	arena
ENG	IKO	Dirge Bat		1	0	arena
ENG	ELD	Lochmere Serpent		1	0	arena
ENG	THB	Atris, Oracle of Half-Truths		1	0	arena
ENG	ELD	Tome Raider		2	0	arena
ENG	THB	Stern Dismissal		2	0	arena
ENG	IKO	Unexpected Fangs		4	0	arena
ENG	M21	Eliminate		2	0	arena
ENG	ZNR	Synchronized Spellcraft		3	0	arena
ENG	ZNR	Tazeem Raptor		3	0	arena
ENG	ZNR	Moss-Pit Skeleton		1	0	arena
ENG	ZNR	Hagra Mauling		1	0	arena
ENG	ZNR	Prowling Felidar		2	0	arena
ENG	ZNR	Inordinate Rage		1	0	arena
ENG	ZNR	Shatterskull Minotaur		1	0	arena
ENG	ZNR	Akiri, Fearless Voyager		1	0	arena
ENG	M21	Elder Gargaroth		2	0	arena
ENG	ZNR	Nahiri's Binding		1	0	arena
ENG	ZNR	Scorch Rider		1	0	arena
ENG	ZNR	Might of Murasa		1	0	arena
ENG	ZNR	Roost of Drakes		1	0	arena
ENG	ZNR	Shadow Stinger		1	0	arena
ENG	ZNR	Shatterskull Smashing		1	0	arena
ENG	ZNR	Murasa Sproutling		1	0	arena
ENG	M21	Baneslayer Angel		1	0	arena
ENG	M21	Vito, Thorn of the Dusk Rose		1	0	arena
ENG	M21	Temple of Silence		1	0	arena
ENG	M21	Anointed Chorister		2	0	arena
ENG	M21	Tavern Swindler		3	0	arena
ENG	M21	Silversmote Ghoul		2	0	arena
ENG	M21	Indulging Patrician		3	0	arena
ENG	M21	Speaker of the Heavens		4	0	arena
ENG	ELD	Clackbridge Troll		1	0	arena
ENG	M21	Griffin Aerie		3	0	arena
ENG	M21	Faith's Fetters		2	0	arena
ENG	M21	Revitalize		3	0	arena
ENG	ELD	Bake into a Pie		2	0	arena
ENG	THB	Erebos's Intervention		1	0	arena
ENG	THB	Shadowspear		1	0	arena
ENG	IKO	Light of Hope		2	0	arena
ENG	ELD	Brazen Borrower		1	0	arena
ENG	M21	Double Vision		1	0	arena
ENG	M21	Temple of Epiphany		1	0	arena
ENG	M21	Vodalian Arcanist		2	0	arena
ENG	IKO	Spelleater Wolverine		3	0	arena
ENG	THB	Wavebreak Hippocamp		1	0	arena
ENG	M21	Stormwing Entity		1	0	arena
ENG	M21	Opt		4	0	arena
ENG	M21	Riddleform		1	0	arena
ENG	IKO	Anticipate		2	0	arena
ENG	IKO	Boon of the Wish-Giver		2	0	arena
ENG	M21	Shock		2	0	arena
ENG	M21	Frost Breath		2	0	arena
ENG	IKO	Shark Typhoon		1	0	arena
ENG	ELD	Stolen by the Fae		1	0	arena
ENG	M21	Spellgorger Weird		2	0	arena
ENG	ELD	Merfolk Secretkeeper		2	0	arena
ENG	THB	Polukranos, Unchained		1	0	arena
ENG	THB	Nightmare Shepherd		1	0	arena
ENG	M21	Temple of Malady		1	0	arena
ENG	M21	Deathbloom Thallid		3	0	arena
ENG	ELD	Murderous Rider		1	0	arena
ENG	IKO	Boneyard Lurker		3	0	arena
ENG	M21	Twinblade Assassins		2	0	arena
ENG	THB	Acolyte of Affliction		2	0	arena
ENG	IKO	Skull Prophet		3	0	arena
ENG	THB	Mire Triton		3	0	arena
ENG	ELD	Order of Midnight		2	0	arena
ENG	THB	Arasta of the Endless Web		1	0	arena
ENG	THB	Drag to the Underworld		2	0	arena
ENG	IKO	Back for More		2	0	arena
ENG	IKO	Sudden Spinnerets		2	0	arena
ENG	IKO	Dead Weight		3	0	arena
ENG	ELD	Embercleave		1	0	arena
ENG	M21	Temple of Triumph		1	0	arena
ENG	ELD	Fireborn Knight		3	0	arena
ENG	ELD	Inspiring Veteran		3	0	arena
ENG	ELD	Venerable Knight		4	0	arena
ENG	ELD	Acclaimed Contender		1	0	arena
ENG	ELD	Weaselback Redcap		2	0	arena
ENG	ELD	Worthy Knight		1	0	arena
ENG	ELD	Youthful Knight		2	0	arena
ENG	ELD	Burning-Yard Trainer		2	0	arena
ENG	M21	Basri's Acolyte		2	0	arena
ENG	THB	Grasping Giant		1	0	arena
ENG	THB	Haktos the Unscarred		2	0	arena
ENG	M21	Short Sword		2	0	arena
ENG	M21	Dub		1	0	arena
ENG	M21	Pursued Whale		1	0	arena
ENG	M21	Temple of Mystery		1	0	arena
ENG	ELD	Maraleaf Pixie		3	0	arena
ENG	ELD	Beanstalk Giant		3	0	arena
ENG	ELD	Thunderous Snapper		4	0	arena
ENG	ELD	Keeper of Fables		2	0	arena
ENG	THB	Serpent of Yawning Depths		1	0	arena
ENG	IKO	Kogla, the Titan Ape		1	0	arena
ENG	ELD	Thorn Mammoth		1	0	arena
ENG	ELD	Witching Well		2	0	arena
ENG	THB	Wolfwillow Haven		3	0	arena
ENG	M21	Sublime Epiphany		1	0	arena
ENG	IKO	Fully Grown		3	0	arena
ENG	IKO	Rumbling Rockslide		1	0	arena
ENG	IKO	Frost Lynx		1	0	arena
ENG	IKO	Jubilant Skybonder		1	0	arena
ENG	IKO	Lavabrink Venturer		1	0	arena
ENG	ZNR	Kazandu Nectarpot		1	0	arena
ENG	ZNR	Kargan Warleader		1	0	arena
ENG	ZNR	Zof Consumption		2	0	arena
ENG	ZNR	Cleansing Wildfire		1	0	arena
ENG	ZNR	Kazandu Stomper		1	0	arena
ENG	ZNR	Cleric of Chill Depths		1	0	arena
ENG	ZNR	Territorial Scythecat		1	0	arena
ENG	ZNR	Lullmage's Familiar		2	0	arena
ENG	ZNR	Kabira Outrider		2	0	arena
ENG	ZNR	Akoum Hellhound		2	0	arena
ENG	ZNR	Drana's Silencer		1	0	arena
ENG	ZNR	Cascade Seer		3	0	arena
ENG	ZNR	Relic Golem		1	0	arena
ENG	ZNR	Paired Tactician		1	0	arena
ENG	ZNR	Nahiri's Lithoforming		1	0	arena
ENG	ELD	The Great Henge		2	0	arena
ENG	ZNR	Teeterpeak Ambusher		3	0	arena
ENG	ZNR	Joraga Visionary		1	0	arena
ENG	ZNR	Scale the Heights		1	0	arena
ENG	ZNR	Feed the Swarm		2	0	arena
ENG	ZNR	Umara Mystic		1	0	arena
ENG	ELD	Grumgully, the Generous		1	0	arena
ENG	ELD	Faerie Vandal		2	0	arena
ENG	M21	Return to Nature		1	0	arena
ENG	M21	Track Down		4	0	arena
ENG	M21	Fungal Rebirth		2	0	arena
ENG	M21	Duress		3	0	arena
ENG	M21	Sabertooth Mauler		2	0	arena
ENG	M21	Infernal Scarring		1	0	arena
ENG	M21	Staunch Shieldmate		1	0	arena
ENG	M21	Goblin Arsonist		1	0	arena
ENG	M21	Drowsing Tyrannodon		1	0	arena
ENG	M21	Liliana's Steward		1	0	arena
ENG	M21	Burn Bright		1	0	arena
ENG	M21	Prismite		1	0	arena
ENG	M21	Mind Rot		1	0	arena
ENG	M21	Heroic Intervention		1	0	arena
ENG	M21	Garruk's Gorehorn		1	0	arena
ENG	M21	Warden of the Woods		1	0	arena
ENG	M21	Chandra's Magmutt		1	0	arena
ENG	M21	Destructive Tampering		1	0	arena
ENG	M21	Portcullis Vine		2	0	arena
ENG	M21	Gnarled Sage		1	0	arena
ENG	IKO	Void Beckoner		1	0	arena
ENG	THB	Thundering Chariot		1	0	arena
ENG	M21	Keen Glidemaster		1	0	arena
ENG	M21	Swift Response		1	0	arena
ENG	M21	Aven Gagglemaster		1	0	arena
ENG	ZNR	Field Research		1	0	arena
ENG	ZNR	Skyclave Sentinel		1	0	arena
ENG	ZNR	Verazol, the Split Current		1	0	arena
ENG	ZNR	Nimana Skitter-Sneak		1	0	arena
ENG	ZNR	Merfolk Falconer		2	0	arena
ENG	ZNR	Skyclave Geopede		1	0	arena
ENG	ZNR	Skyclave Shade		2	0	arena
ENG	KHM	Snow-Covered Plains		1	0	arena
ENG	KHM	Snow-Covered Plains		1	0	arena
ENG	KHM	Snow-Covered Island		1	0	arena
ENG	KHM	Snow-Covered Island		1	0	arena
ENG	KHM	Snow-Covered Swamp		1	0	arena
ENG	KHM	Snow-Covered Swamp		1	0	arena
ENG	KHM	Snow-Covered Mountain		1	0	arena
ENG	KHM	Snow-Covered Mountain		1	0	arena
ENG	KHM	Snow-Covered Forest		1	0	arena
ENG	KHM	Snow-Covered Forest		1	0	arena
ENG	KHM	Plains		1	0	arena
ENG	KHM	Island		1	0	arena
ENG	KHM	Swamp		1	0	arena
ENG	KHM	Mountain		1	0	arena
ENG	KHM	Forest		1	0	arena
ENG	KHM	Rimewood Falls		4	0	arena
ENG	KHM	Raiders' Karve		4	0	arena
ENG	KHM	Woodland Chasm		4	0	arena
ENG	KHM	Skull Raid		4	0	arena
ENG	KHM	Undersea Invader		4	0	arena
ENG	KHM	Kardur, Doomscourge		4	0	arena
ENG	KHM	Spectral Steel		2	0	arena
ENG	KHM	Runeforge Champion		2	0	arena
ENG	KHM	Grim Draugr		3	0	arena
ENG	KHM	Ice Tunnel		4	0	arena
ENG	KHM	Starnheim Courser		4	0	arena
ENG	KHM	Volatile Fjord		2	0	arena
ENG	KHM	Fearless Pup		4	0	arena
ENG	KHM	Frostpyre Arcanist		3	0	arena
ENG	KHM	Blizzard Brawl		4	0	arena
ENG	KHM	Withercrown		4	0	arena
ENG	KHM	Doomskar Oracle		2	0	arena
ENG	KHM	Alpine Meadow		3	0	arena
ENG	KHM	Battlefield Raptor		4	0	arena
ENG	KHM	Runed Crown		4	0	arena
ENG	KHM	Skemfar Avenger		3	0	arena
ENG	KHM	Jarl of the Forsaken		4	0	arena
ENG	KHM	Invoke the Divine		4	0	arena
ENG	KHM	Arctic Treeline		4	0	arena
ENG	KHM	Squash		4	0	arena
ENG	KHM	Cinderheart Giant		3	0	arena
ENG	KHM	Dwarven Hammer		4	0	arena
ENG	KHM	Kardur's Vicious Return		4	0	arena
ENG	KHM	Doomskar		4	0	arena
ENG	ZNR	Gnarlid Colony		1	0	arena
ENG	ZNR	Ravager's Mace		2	0	arena
ENG	ZNR	Inscription of Insight		1	0	arena
ENG	ZNR	Scion of the Swarm		2	0	arena
ENG	ZNR	Kitesail Cleric		2	0	arena
ENG	ZNR	Maul of the Skyclaves		4	0	arena
ENG	KHM	Goldmaw Champion		4	0	arena
ENG	KHM	Warhorn Blast		4	0	arena
ENG	KHM	Fynn, the Fangbearer		4	0	arena
ENG	ZNR	Deadly Alliance		1	0	arena
ENG	ZNR	Dauntless Survivor		1	0	arena
ENG	ZNR	Kor Celebrant		1	0	arena
ENG	ZNR	Vastwood Surge		1	0	arena
ENG	KHM	Gnottvold Recluse		4	0	arena
ENG	KHM	Axgard Braggart		4	0	arena
ENG	KHM	Shimmerdrift Vale		4	0	arena
ENG	KHM	Jaspera Sentinel		4	0	arena
ENG	KHM	Struggle for Skemfar		1	0	arena
ENG	KHM	Immersturm Skullcairn		4	0	arena
ENG	KHM	Skemfar Shadowsage		3	0	arena
ENG	KHM	Egon, God of Death		2	0	arena
ENG	KHM	Grizzled Outrider		4	0	arena
ENG	KHM	Frost Bite		4	0	arena
ENG	KHM	Funeral Longboat		4	0	arena
ENG	KHM	Bind the Monster		4	0	arena
ENG	KHM	Littjara Mirrorlake		2	0	arena
ENG	KHM	Cyclone Summoner		2	0	arena
ENG	KHM	Demonic Gifts		3	0	arena
ENG	KHM	Forging the Tyrite Sword		3	0	arena
ENG	KHM	Dual Strike		4	0	arena
ENG	KHM	Sigrid, God-Favored		2	0	arena
ENG	KHM	Brinebarrow Intruder		2	0	arena
ENG	KHM	Deathknell Berserker		4	0	arena
ENG	KHM	Run Amok		4	0	arena
ENG	KHM	Dwarven Reinforcements		4	0	arena
ENG	KHM	Rune of Speed		4	0	arena
ENG	KHM	Blessing of Frost		3	0	arena
ENG	KHM	Master Skald		4	0	arena
ENG	KHM	Inga Rune-Eyes		3	0	arena
ENG	KHM	Valkyrie's Sword		4	0	arena
ENG	KHM	Mystic Reflection		1	0	arena
ENG	M21	Turn to Slag		1	0	arena
ENG	M21	Pitchburn Devils		1	0	arena
ENG	M21	Pestilent Haze		1	0	arena
ENG	M21	Bolt Hound		1	0	arena
ENG	M21	Containment Priest		1	0	arena
ENG	KHM	Snowfield Sinkhole		4	0	arena
ENG	KHM	Scorn Effigy		4	0	arena
ENG	KHM	Sarulf's Packmate		1	0	arena
ENG	KHM	Raven Wings		4	0	arena
ENG	KHM	Rune of Sustenance		1	0	arena
ENG	KHM	Arni Slays the Troll		1	0	arena
ENG	KHM	Beskir Shieldmate		2	0	arena
ENG	KHM	Mammoth Growth		4	0	arena
ENG	KHM	Dread Rider		3	0	arena
ENG	KHM	Usher of the Fallen		3	0	arena
ENG	KHM	Dream Devourer		2	0	arena
ENG	KHM	Masked Vandal		4	0	arena
ENG	KHM	Roots of Wisdom		4	0	arena
ENG	KHM	Skemfar Elderhall		4	0	arena
ENG	KHM	Bloodsky Berserker		1	0	arena
ENG	KHM	Tyrite Sanctum		2	0	arena
ENG	KHM	Iron Verdict		4	0	arena
ENG	KHM	Dogged Pursuit		4	0	arena
ENG	KHM	Return Upon the Tide		4	0	arena
ENG	KHM	Esika's Chariot		2	0	arena
ENG	KHM	Run Ashore		4	0	arena
ENG	KHM	Elven Bow		3	0	arena
ENG	KHM	Varragoth, Bloodsky Sire		4	0	arena
ENG	ZNR	Orah, Skyclave Hierophant		1	0	arena
ENG	KHM	Village Rites		4	0	arena
ENG	KHM	Snakeskin Veil		4	0	arena
ENG	KHM	Behold the Multiverse		4	0	arena
ENG	KHM	Tormentor's Helm		2	0	arena
ENG	KHM	Icebind Pillar		4	0	arena
ENG	KHM	Pyre of Heroes		3	0	arena
ENG	KHM	Smashing Success		4	0	arena
ENG	KHM	Stalwart Valkyrie		4	0	arena
ENG	KHM	Moritte of the Frost		4	0	arena
ENG	KHM	Toralf, God of Fury		2	0	arena
ENG	KHM	Glacial Floodplain		4	0	arena
ENG	KHM	Codespell Cleric		4	0	arena
ENG	KHM	Elderleaf Mentor		3	0	arena
ENG	KHM	Littjara Glade-Warden		3	0	arena
ENG	KHM	Goldvein Pick		4	0	arena
ENG	KHM	Draugr Recruiter		4	0	arena
ENG	KHM	Wings of the Cosmos		4	0	arena
ENG	KHM	Koll, the Forgemaster		2	0	arena
ENG	KHM	Harald, King of Skemfar		1	0	arena
ENG	KHM	Old-Growth Troll		2	0	arena
ENG	KHM	Broken Wings		4	0	arena
ENG	KHM	Axgard Cavalry		4	0	arena
ENG	KHM	Vengeful Reaper		4	0	arena
ENG	KHM	Binding the Old Gods		4	0	arena
ENG	KHM	Maskwood Nexus		2	0	arena
ENG	KHM	Open the Omenpaths		4	0	arena
ENG	KHM	Sculptor of Winter		4	0	arena
ENG	KHM	King Harald's Revenge		4	0	arena
ENG	KHM	Rune of Flight		4	0	arena
ENG	KHM	Gnottvold Slumbermound		2	0	arena
ENG	KHM	Immersturm Raider		4	0	arena
ENG	KHM	Mistwalker		4	0	arena
ENG	KHM	Axgard Armory		4	0	arena
ENG	KHM	Koma's Faithful		2	0	arena
ENG	KHM	Elderfang Disciple		4	0	arena
ENG	KHM	Battershield Warrior		2	0	arena
ENG	KHM	Birgi, God of Storytelling		1	0	arena
ENG	KHM	Giant Ox		4	0	arena
ENG	KHM	Tuskeri Firewalker		2	0	arena
ENG	KHM	Glittering Frost		4	0	arena
ENG	KHM	Frost Augur		3	0	arena
ENG	KHM	Toski, Bearer of Secrets		1	0	arena
ENG	KHM	Pilfering Hawk		4	0	arena
ENG	KHM	Clarion Spirit		3	0	arena
ENG	KHM	Graven Lore		2	0	arena
ENG	KHM	Disdainful Stroke		3	0	arena
ENG	KHM	Shackles of Treachery		3	0	arena
ENG	KHM	Doomskar Titan		3	0	arena
ENG	KHM	Battle of Frost and Fire		2	0	arena
ENG	KHM	Infernal Pet		3	0	arena
ENG	KHM	Arachnoform		3	0	arena
ENG	KHM	The Three Seasons		4	0	arena
ENG	KHM	Spirit of the Aldergard		4	0	arena
ENG	KHM	Tyvar Kell		2	0	arena
ENG	THB	Escape Velocity		1	0	arena
ENG	THB	Tymaret, Chosen from Death		2	0	arena
ENG	KHM	Firja, Judge of Valor		2	0	arena
ENG	KHM	Weigh Down		4	0	arena
ENG	KHM	Karfell Kennel-Master		4	0	arena
ENG	KHM	Rootless Yew		2	0	arena
ENG	KHM	Port of Karfell		4	0	arena
ENG	KHM	Showdown of the Skalds		3	0	arena
ENG	KHM	Provoke the Trolls		4	0	arena
ENG	KHM	The Raven's Warning		2	0	arena
ENG	KHM	Sulfurous Mire		3	0	arena
ENG	KHM	Strategic Planning		3	0	arena
ENG	KHM	Rune of Mortality		2	0	arena
ENG	KHM	Reidane, God of the Worthy		2	0	arena
ENG	KHM	Craven Hulk		4	0	arena
ENG	KHM	Kolvori, God of Kinship		3	0	arena
ENG	KHM	Duskwielder		4	0	arena
ENG	KHM	Frostpeak Yeti		3	0	arena
ENG	KHM	Karfell Harbinger		4	0	arena
ENG	KHM	Rune of Might		4	0	arena
ENG	KHM	Great Hall of Starnheim		1	0	arena
ENG	KHM	Gates of Istfell		2	0	arena
ENG	KHM	Highland Forest		3	0	arena
ENG	KHM	Hagi Mob		4	0	arena
ENG	KHM	Breakneck Berserker		2	0	arena
ENG	KHM	Valor of the Worthy		4	0	arena
ENG	KHM	Niko Aris		2	0	arena
ENG	KHM	Draugr Thought-Thief		4	0	arena
ENG	KHM	The Bears of Littjara		1	0	arena
ENG	ZNR	Expedition Champion		1	0	arena
ENG	ZNR	Molten Blast		1	0	arena
ENG	ZNR	Jwari Disruption		1	0	arena
ENG	ZNR	Sea Gate Stormcaller		1	0	arena
ENG	KHM	Seize the Spoils		3	0	arena
ENG	KHM	Icehide Troll		4	0	arena
ENG	KHM	Cosmos Elixir		4	0	arena
ENG	ELD	Rosethorn Acolyte		1	0	arena
ENG	ELD	Shining Armor		1	0	arena
ENG	ELD	Scalding Cauldron		1	0	arena
ENG	ELD	Sundering Stroke		1	0	arena
ENG	KHM	Gods' Hall Guardian		4	0	arena
ENG	KHM	Vault Robber		4	0	arena
ENG	KHM	Righteous Valkyrie		4	0	arena
ENG	KHM	Replicating Ring		3	0	arena
ENG	THB	Inevitable End		2	0	arena
ENG	IKO	Duskfang Mentor		1	0	arena
ENG	KHM	The World Tree		2	0	arena
ENG	KHM	Ravenous Lindwurm		4	0	arena
ENG	KHM	Mists of Littjara		4	0	arena
ENG	KHM	Boreal Outrider		1	0	arena
ENG	KHM	Ascent of the Worthy		2	0	arena
ENG	KHM	Rally the Ranks		1	0	arena
ENG	KHM	Firja's Retribution		1	0	arena
ENG	ZNR	Mind Carver		1	0	arena
ENG	ZNR	Tazeem Roilmage		1	0	arena
ENG	ZNR	Spare Supplies		1	0	arena
ENG	ZNR	Resolute Strike		1	0	arena
ENG	WAR	Time Wipe		1	0	arena
ENG	KLR	Glint-Sleeve Siphoner		1	0	arena
ENG	KHM	Faceless Haven		2	0	arena
ENG	KHM	Draugr's Helm		1	0	arena
ENG	KHM	In Search of Greatness		1	0	arena
ENG	IKO	Footfall Crater		2	0	arena
ENG	ZNR	Spikefield Hazard		1	0	arena
ENG	M21	Sanctum of Stone Fangs		1	0	arena
ENG	KHM	Kaya the Inexorable		1	0	arena
ENG	THB	Mischievous Chimera		1	0	arena
ENG	M21	Basri's Solidarity		1	0	arena
ENG	KHM	Divine Gambit		2	0	arena
ENG	KHM	Search for Glory		1	0	arena
ENG	M21	Liliana's Devotee		1	0	arena
ENG	KHM	Demon Bolt		3	0	arena
ENG	KHM	Fearless Liberator		2	0	arena
ENG	THB	Enemy of Enlightenment		2	0	arena
ENG	KHM	Colossal Plow		4	0	arena
ENG	KHM	Tergrid's Shadow		2	0	arena
ENG	KHM	Story Seeker		3	0	arena
ENG	KHM	Frenzied Raider		1	0	arena
ENG	KHM	Revitalize		4	0	arena
ENG	KHM	Bloodline Pretender		3	0	arena
ENG	THB	Nessian Wanderer		1	0	arena
ENG	IKO	Neutralize		1	0	arena
ENG	KHM	Tergrid, God of Fright		1	0	arena
ENG	ZNR	Veteran Adventurer		1	0	arena
ENG	M21	Jolrael, Mwonvuli Recluse		1	0	arena
ENG	IKO	Lutri, the Spellchaser		1	0	arena
ENG	KHM	Priest of the Haunted Edge		2	0	arena
ENG	KHM	Fall of the Impostor		3	0	arena
ENG	KHM	Bound in Gold		4	0	arena
ENG	KHM	The Trickster-God's Heist		2	0	arena
ENG	KHM	Cosima, God of the Voyage		1	0	arena
ENG	KHM	Vega, the Watcher		2	0	arena
ENG	KHM	Barkchannel Pathway		2	0	arena
ENG	IKO	Wingspan Mentor		1	0	arena
ENG	KHM	Glimpse the Cosmos		3	0	arena
ENG	KHM	Shepherd of the Cosmos		2	0	arena
ENG	KHM	Valkyrie Harbinger		1	0	arena
ENG	ZNR	Luminarch Aspirant		4	0	arena
ENG	KHM	Ravenform		2	0	arena
ENG	ZNR	Spoils of Adventure		1	0	arena
ENG	THB	One with the Stars		1	0	arena
ENG	DOM	Mishra's Self-Replicator		1	0	arena
ENG	RIX	Sphinx's Decree		1	0	arena
ENG	IKO	Lead the Stampede		1	0	arena
ENG	KHM	Weathered Runestone		1	0	arena
ENG	KHM	Surtland Frostpyre		2	0	arena
ENG	ZNR	Swarm Shambler		1	0	arena
ENG	ZNR	Windrider Wizard		1	0	arena
ENG	IKO	Reptilian Reflection		1	0	arena
ENG	KHM	Littjara Kinseekers		2	0	arena
ENG	M21	Mazemind Tome		1	0	arena
ENG	KHM	Path to the World Tree		2	0	arena
ENG	ELD	Cauldron's Gift		1	0	arena
ENG	M21	Obsessive Stitcher		1	0	arena
ENG	M21	Thrashing Brontodon		1	0	arena
ENG	ZNR	Legion Angel		2	0	arena
ENG	ZNR	Makindi Stampede		1	0	arena
ENG	KHM	Calamity Bearer		1	0	arena
ENG	KHM	Tibalt's Trickery		1	0	arena
ENG	KHM	Crush the Weak		1	0	arena
ENG	KHM	Vorinclex, Monstrous Raider		1	0	arena
ENG	KHM	Blightstep Pathway		1	0	arena
ENG	THB	Alseid of Life's Bounty		3	0	arena
ENG	THB	Soul-Guide Lantern		1	0	arena
ENG	KHM	Basalt Ravager		1	0	arena
ENG	KHM	Reckless Crew		1	0	arena
ENG	KHM	Poison the Cup		2	0	arena
ENG	KHM	Darkbore Pathway		1	0	arena
ENG	KHM	Niko Defies Destiny		2	0	arena
ENG	KHM	Giant's Amulet		3	0	arena
ENG	KHM	Berg Strider		2	0	arena
ENG	KHM	Horizon Seeker		1	0	arena
ENG	KHM	Magda, Brazen Outlaw		1	0	arena
ENG	ELD	Giant Opportunity		1	0	arena
ENG	M21	Conspicuous Snoop		1	0	arena
ENG	ZNR	Soaring Thought-Thief		1	0	arena
ENG	GRN	Mausoleum Secrets		1	0	arena
ENG	AKR	Collected Company		1	0	arena
ENG	ELD	Embereth Shieldbreaker		1	0	arena
ENG	THB	Sweet Oblivion		1	0	arena
ENG	THB	Glimpse of Freedom		1	0	arena
ENG	IKO	Huntmaster Liger		1	0	arena
ENG	KHM	Kaya's Onslaught		1	0	arena
ENG	ELD	Clockwork Servant		1	0	arena
ENG	IKO	Avian Oddity		1	0	arena
ENG	IKO	Savai Crystal		1	0	arena
ENG	THB	Irreverent Revelers		1	0	arena
ENG	THB	Triton Waverider		1	0	arena
ENG	THB	Omen of the Hunt		1	0	arena
ENG	THB	Arena Trickster		1	0	arena
ENG	KHM	Aegar, the Freezing Flame		1	0	arena
ENG	KHM	Realmwalker		1	0	arena
ENG	KHM	Harald Unites the Elves		1	0	arena
ENG	KHM	Guardian Gladewalker		1	0	arena
ENG	KHM	Annul		2	0	arena
ENG	KHM	Svella, Ice Shaper		1	0	arena
ENG	ELD	Hushbringer		1	0	arena
ENG	KHM	Draugr Necromancer		1	0	arena
ENG	THB	Minion's Return		1	0	arena
ENG	ELD	Brimstone Trebuchet		1	0	arena
ENG	ELD	Locthwain Paladin		1	0	arena
ENG	ELD	Fortifying Provisions		1	0	arena
ENG	ELD	Ferocity of the Wilds		2	0	arena
ENG	IKO	Frenzied Raptor		1	0	arena
ENG	IKO	Mosscoat Goriak		1	0	arena
ENG	IKO	Patagia Tiger		1	0	arena
ENG	IKO	Lurking Deadeye		1	0	arena
ENG	IKO	Necropanther		1	0	arena
ENG	IKO	Ruinous Ultimatum		1	0	arena
ENG	STX	Plains		1	0	arena
ENG	STX	Plains		1	0	arena
ENG	STX	Island		1	0	arena
ENG	STX	Island		1	0	arena
ENG	STX	Swamp		1	0	arena
ENG	STX	Swamp		1	0	arena
ENG	STX	Mountain		1	0	arena
ENG	STX	Mountain		1	0	arena
ENG	STX	Forest		1	0	arena
ENG	STX	Forest		1	0	arena
ENG	STX	Pillardrop Warden		2	0	arena
ENG	STX	Dragon's Approach		3	0	arena
ENG	STX	Expanded Anatomy		2	0	arena
ENG	STA	Cultivate		2	0	arena
ENG	STX	Karok Wrangler		1	0	arena
ENG	STX	Plumb the Forbidden		3	0	arena
ENG	STX	Mavinda, Students' Advocate		1	0	arena
ENG	STX	Frost Trickster		1	0	arena
ENG	STX	Bury in Books		2	0	arena
ENG	STX	Defend the Campus		2	0	arena
ENG	STX	Star Pupil		2	0	arena
ENG	STA	Snakeskin Veil		1	0	arena
ENG	STX	Test of Talents		2	0	arena
ENG	STX	Confront the Past		1	0	arena
ENG	STX	Witherbloom Campus		1	0	arena
ENG	STX	Guiding Voice		1	0	arena
ENG	STX	Introduction to Prophecy		3	0	arena
ENG	STA	Thrill of Possibility		2	0	arena
ENG	STX	Containment Breach		4	0	arena
ENG	STX	Reflective Golem		2	0	arena
ENG	STX	Galazeth Prismari		1	0	arena
ENG	STX	Teach by Example		4	0	arena
ENG	STX	Biblioplex Assistant		2	0	arena
ENG	STX	Burrog Befuddler		2	0	arena
ENG	STX	Arcane Subtraction		3	0	arena
ENG	STA	Opt		1	0	arena
ENG	STX	Brackish Trudge		1	0	arena
ENG	STX	Golden Ratio		3	0	arena
ENG	IKO	Rooting Moloch		1	0	arena
ENG	STX	Field Trip		1	0	arena
ENG	STX	Mage Duel		3	0	arena
ENG	STX	Eureka Moment		3	0	arena
ENG	STX	Serpentine Curve		2	0	arena
ENG	STX	Lash of Malice		2	0	arena
ENG	STX	Owlin Shieldmage		2	0	arena
ENG	STX	Lorehold Pledgemage		3	0	arena
ENG	STX	Spiteful Squad		3	0	arena
ENG	STX	Professor of Symbology		1	0	arena
ENG	STX	Witherbloom Apprentice		2	0	arena
ENG	STX	Grinning Ignus		2	0	arena
ENG	STX	Kianne, Dean of Substance		1	0	arena
ENG	STA	Shock		1	0	arena
ENG	STX	Blood Researcher		4	0	arena
ENG	STX	Rise of Extus		1	0	arena
ENG	STX	Leyline Invocation		4	0	arena
ENG	STX	Biomathematician		1	0	arena
ENG	STX	Moldering Karok		1	0	arena
ENG	STX	Spined Karok		2	0	arena
ENG	STX	Introduction to Annihilation		2	0	arena
ENG	STX	Snow Day		3	0	arena
ENG	STX	Mascot Interception		2	0	arena
ENG	STX	Show of Confidence		1	0	arena
ENG	STX	Sparring Regimen		1	0	arena
ENG	STX	Vortex Runner		3	0	arena
ENG	STX	Relic Sloth		3	0	arena
ENG	STX	Study Break		2	0	arena
ENG	STX	Reject		1	0	arena
ENG	STX	Cram Session		3	0	arena
ENG	STX	Curate		3	0	arena
ENG	STX	Essence Infusion		2	0	arena
ENG	STX	Pest Summoning		1	0	arena
ENG	STX	Hall Monitor		1	0	arena
ENG	STX	Callous Bloodmage		2	0	arena
ENG	STA	Divine Gambit		3	0	arena
ENG	STX	Pillardrop Rescuer		1	0	arena
ENG	STX	Big Play		2	0	arena
ENG	STX	Letter of Acceptance		1	0	arena
ENG	STX	Oggyar Battle-Seer		1	0	arena
ENG	STX	Academic Probation		2	0	arena
ENG	STX	Fracture		1	0	arena
ENG	STX	Vanishing Verse		1	0	arena
ENG	STA	Strategic Planning		1	0	arena
ENG	STX	Crushing Disappointment		1	0	arena
ENG	STX	Archway Commons		3	0	arena
ENG	STX	Beaming Defiance		2	0	arena
ENG	STX	Fuming Effigy		2	0	arena
ENG	STX	Waterfall Aerialist		3	0	arena
ENG	STX	Square Up		1	0	arena
ENG	STX	Expressive Iteration		1	0	arena
ENG	STX	Clever Lumimancer		1	0	arena
ENG	STX	Leonin Lightscribe		1	0	arena
ENG	STA	Agonizing Remorse		2	0	arena
ENG	STX	Unwilling Ingredient		1	0	arena
ENG	STX	Springmane Cervin		1	0	arena
ENG	STX	Exhilarating Elocution		2	0	arena
ENG	STX	Silverquill Campus		1	0	arena
ENG	STX	Rootha, Mercurial Artist		1	0	arena
ENG	STX	Mortality Spear		1	0	arena
ENG	STX	Professor Onyx		1	0	arena
ENG	STA	Tendrils of Agony		1	0	arena
ENG	STX	Spectacle Mage		2	0	arena
ENG	STX	Scurrid Colony		1	0	arena
ENG	STA	Grapeshot		1	0	arena
ENG	STX	Mentor's Guidance		1	0	arena
ENG	STX	Torrent Sculptor		2	0	arena
ENG	STX	Quandrix Pledgemage		1	0	arena
ENG	STX	Hunt for Specimens		1	0	arena
ENG	STA	Time Warp		1	0	arena
ENG	STX	Wandering Archaic		1	0	arena
ENG	STX	Heated Debate		1	0	arena
ENG	STX	Quandrix Campus		1	0	arena
ENG	STX	Stonebound Mentor		1	0	arena
ENG	STA	Blue Sun's Zenith		2	0	arena
ENG	STX	Maelstrom Muse		1	0	arena
ENG	STX	Quandrix Apprentice		1	0	arena
ENG	STX	Specter of the Fens		2	0	arena
ENG	STX	Promising Duskmage		2	0	arena
ENG	STX	Rip Apart		1	0	arena
ENG	STX	Wormhole Serpent		1	0	arena
ENG	STX	Frostboil Snarl		1	0	arena
ENG	STX	Venerable Warsinger		1	0	arena
ENG	M21	Angelic Ascension		1	0	arena
ENG	ZNR	Taunting Arbormage		1	0	arena
ENG	STX	Spirit Summoning		1	0	arena
ENG	STX	Inkling Summoning		1	0	arena
ENG	STX	Reduce to Memory		1	0	arena
ENG	STX	Eyetwitch		2	0	arena
ENG	STX	Witherbloom Command		1	0	arena
ENG	IKO	Channeled Force		1	0	arena
ENG	STA	Increasing Vengeance		1	0	arena
ENG	STX	Closing Statement		1	0	arena
ENG	STX	Kelpie Guide		2	0	arena
ENG	STX	Tempted by the Oriq		1	0	arena
ENG	STX	Professor's Warning		1	0	arena
ENG	STX	Spell Satchel		1	0	arena
ENG	STX	Prismari Command		1	0	arena
ENG	STX	Prismari Pledgemage		2	0	arena
ENG	STX	Tangletrap		1	0	arena
ENG	STX	First Day of Class		1	0	arena
ENG	STX	Combat Professor		2	0	arena
ENG	STA	Weather the Storm		1	0	arena
ENG	STX	Bookwurm		1	0	arena
ENG	KHM	Raise the Draugr		1	0	arena
ENG	KHM	Starnheim Unleashed		1	0	arena
ENG	KHM	The Bloodsky Massacre		1	0	arena
ENG	STX	Needlethorn Drake		1	0	arena
ENG	STX	Igneous Inspiration		1	0	arena
ENG	STX	Fortifying Draught		2	0	arena
ENG	STX	Furycalm Snarl		1	0	arena
ENG	STX	Elemental Summoning		1	0	arena
ENG	STX	Thrilling Discovery		1	0	arena
ENG	STX	Elemental Masterpiece		1	0	arena
ENG	STA	Infuriate		1	0	arena
ENG	STX	Exponential Growth		1	0	arena
ENG	STA	Despark		1	0	arena
ENG	STX	Access Tunnel		2	0	arena
ENG	IKO	Valiant Rescuer		1	0	arena
ENG	STX	Campus Guide		2	0	arena
ENG	STX	Tome Shredder		1	0	arena
ENG	STX	Expel		1	0	arena
ENG	STA	Negate		1	0	arena
ENG	STX	Silverquill Command		1	0	arena
ENG	KHM	Ascendant Spirit		1	0	arena
ENG	KHM	Saw It Coming		1	0	arena
ENG	KHM	Jorn, God of Winter		1	0	arena
ENG	KHM	Esika, God of the Tree		1	0	arena
ENG	IKO	Raugrin Crystal		1	0	arena
ENG	ELD	Syr Faren, the Hengehammer		1	0	arena
ENG	M21	Thieves' Guild Enforcer		1	0	arena
ENG	STA	Faithless Looting		1	0	arena
ENG	STX	Devastating Mastery		1	0	arena
ENG	STA	Duress		1	0	arena
ENG	STX	Team Pennant		1	0	arena
ENG	STX	Dueling Coach		1	0	arena
ENG	STX	Stonerise Spirit		1	0	arena
ENG	STX	Resculpt		1	0	arena
ENG	STX	Magma Opus		1	0	arena
ENG	STX	Pilgrim of the Ages		1	0	arena
ENG	STA	Mana Tithe		1	0	arena
ENG	STX	Prismari Apprentice		1	0	arena
ENG	STX	Master Symmetrist		1	0	arena
ENG	STX	Blood Age General		1	0	arena
ENG	STX	Eager First-Year		1	0	arena
ENG	STA	Crux of Fate		1	0	arena
ENG	STX	Start from Scratch		1	0	arena
ENG	STX	Rushed Rebirth		1	0	arena
