ENG	XLN	Blight Keeper		4	0	bulk
ENG	DOM	Divest		2	0	bulk
ENG	RNA	Bladebrand		3	0	bulk
ENG	GRN	Child of Night		2	0	bulk
ENG	XLN	Dire Fleet Hoarder		4	0	bulk
ENG	ELD	Epic Downfall		1	0	bulk
ENG	ZNR	Feed the Swarm		2	0	bulk
ENG	ELD	Reave Soul		2	0	bulk
ENG	XLN	Deadeye Tormentor		1	0	bulk
ENG	GRN	Mephitic Vapors		1	0	bulk
ENG	RNA	Carrion Imp		2	0	bulk
ENG	RNA	Ill-Gotten Inheritance		2	0	bulk
ENG	RNA	Blade Juggler		3	0	bulk
ENG	RNA	Catacomb Crocodile		2	0	bulk
ENG	XLN	Contract Killing		4	0	bulk
ENG	M20	Feral Abomination		2	0	bulk
ENG	AKH	Swamp		1	0	bulk
ENG	ELD	Swamp		1	0	bulk
ENG	RIX	Swamp		1	0	bulk
ENG	IKO	Almighty Brushwagg		1	0	bulk
ENG	XLN	Jungle Delver		2	0	bulk
ENG	XLN	Deeproot Warrior		4	0	bulk
ENG	DOM	Gift of Growth		3	0	bulk
ENG	THB	Ilysian Caryatid		4	0	bulk
ENG	XLN	Pounce		1	0	bulk
ENG	XLN	Crash the Ramparts		2	0	bulk
ENG	DOM	Gaea's Protector		1	0	bulk
ENG	KLD	Hunt the Weak		1	0	bulk
ENG	M14	Hunt the Weak		1	0	bulk
ENG	HOU	Oasis Ritualist		4	0	bulk
ENG	XLN	Grazing Whiptail		2	0	bulk
ENG	HOU	Overcome		3	0	bulk
ENG	M21	Colossal Dreadmaw		2	0	bulk
ENG	HOU	Rampaging Hippo		4	0	bulk
ENG	XLN	Ancient Brontodon		2	0	bulk
ENG	ORI	Forest		1	0	bulk
ENG	M19	Forest		1	0	bulk
ENG	ELD	Forest		1	0	bulk
ENG	THB	Demon of Loathing		2	0	
ENG	M21	Demonic Embrace		1	0	
ENG	M21	Peer into the Abyss		1	0	
ENG	THB	Underworld Sentinel		1	0	
ENG	M21	Blood Glutton		2	0	
ENG	M21	Fetid Imp		3	0	
ENG	M21	Finishing Blow		2	0	
ENG	IKO	Gloom Pangolin		3	0	
ENG	M21	Goremand		2	0	
ENG	M21	Grasp of Darkness		3	0	
ENG	ELD	Lost Legion		3	0	
ENG	IKO	Serrated Scorpion		2	0	
ENG	M21	Skeleton Archer		2	0	
ENG	IKO	Unlikely Aid		3	0	
ENG	M21	Walking Corpse		4	0	
ENG	M21	Swamp	1	8	0	
ENG	M21	Swamp	1	9	0	
ENG	M21	Swamp	1	9	0	
ENG	THB	Ironscale Hydra		2	0	
ENG	IKO	Colossification		1	0	
ENG	THB	Treeshaker Chimera		1	0	
ENG	ELD	Yorvo, Lord of Garenbrig		1	0	
ENG	IKO	Almighty Brushwagg		3	0	
ENG	IKO	Bristling Boar		3	0	
ENG	M21	Colossal Dreadmaw		2	0	
ENG	IKO	Honey Mammoth		2	0	
ENG	IKO	Humble Naturalist		2	0	
ENG	THB	Hyrax Tower Scout		3	0	
ENG	M21	Llanowar Visionary		3	0	
ENG	THB	Plummet		2	0	
ENG	IKO	Ram Through		3	0	
ENG	M21	Snarespinner		2	0	
ENG	M21	Titanic Growth		4	0	
ENG	M21	Forest	1	8	0	
ENG	M21	Forest	1	9	0	
ENG	M21	Forest	1	9	0	
